1094_Hakka_1,"1,094",重孫,Great grandson,Hakka_1,息子,sɛt31,set5 ,有問題,character =/= ROM
1095_Hakka_1,"1,095",外孫,Daughter’s son,Hakka_1,外孫,ŋɔi53sun13,ngoi4 sun1 ,OK,
1096_Hakka_1,"1,096",外孫女,Daughter’s daughter,Hakka_1,外孫女,ŋɔi53sun13>35ŋ31,ngoi4 sun1 ng3 ,OK,
1097_Hakka_1,"1,097",外甥,(Man’s address to his) Sister’s son,Hakka_1,外甥,ŋɔi11saŋ13,ngoi2 sang1 ,OK,
1098_Hakka_1,"1,098",外甥女,(Man’s address to his) Sister’sdaughter,Hakka_1,外甥女,ŋɔi11saŋ13>35ŋ31,ngoi2 sang1 ng3 ,OK,
1099_Hakka_1,"1,099",侄子,Nephew(Brother’s son),Hakka_1,侄仔,tsʰit31tsu31,cit5 zu3 ,OK,
1100_Hakka_1,"1,100",侄女,Niece(Brother’s daughter),Hakka_1,侄女,tsʰit31ȵi31,cit5 ngi3 ,OK,
1101_Hakka_1,"1,101",父子倆,Father and son,Hakka_1,兩子爺,liɔŋ31tsu31ja11,liong3 zu3 ya2 ,OK,
1102_Hakka_1,"1,102",夫妻倆,Husband and wife,Hakka_1,兩公婆,liɔŋ31kuŋ13>35pʰɔ11,liong3 gung1 po2 ,OK,
1103_Hakka_1,"1,103",兄弟,Brothers,Hakka_1,兄弟,hiuŋ13tʰi53,hiung1 ti4 ,OK,
1104_Hakka_1,"1,104",姐妹,Sisters,Hakka_1,姊妹,tsi31mɔi53,zi3 moi4 ,OK,
1105_Hakka_1,"1,105",兄弟倆,Elder brother and younger brother,Hakka_1,兩兄弟,liɔŋ31hiuŋ13tʰi53,liong3 hiung1 ti4 ,OK,
1106_Hakka_1,"1,106",姐妹倆,Elder sister and younger sister,Hakka_1,兩姊妹,liɔŋ31tsi31mɔi53,liong3 zi3 moi4 ,OK,
1107_Hakka_1,"1,107",兄妹倆,Elder brother and younger sister,Hakka_1,兩姊妹,liɔŋ31tsi31mɔi53,liong3 zi3 moi4 ,唔肯定,
1108_Hakka_1,"1,108",姐弟倆,Elder sister and younger brother,Hakka_1,兩姊妹,liɔŋ31tsi31mɔi53,liong3 zi3 moi4 ,唔肯定,
1109_Hakka_1,"1,109",堂兄弟,Cousins (the sons of two brothers),Hakka_1,叔伯兄弟,suk31pak31hiuŋ13tʰi53,suk5 bak5 hiung1 ti4 ,OK,
1110_Hakka_1,"1,110",表姐妹,Cousins (the daughters of sisters),Hakka_1,表姊妹,piau31tsi31mɔi53,biau3 zi3 moi4 ,OK,
1111_Hakka_1,"1,111",親戚,Relatives,Hakka_1,親戚,tsʰin13>35tsʰit31,cin1 cit5 ,OK,
1112_Hakka_1,"1,112",輩份,Seniority in the family,Hakka_1,字輩,su53pui53,su4 bui4 ,OK,
1113_Hakka_1,"1,113",小名,Pet name,Hakka_1,花名,fa13>35miaŋ11,fa1 miang2 ,OK,
1114_Hakka_1,"1,114",綽號,Nick name,Hakka_1,花名,fa13>35miaŋ11,fa1 miang2 ,OK,
1115_Hakka_1,"1,115",說親,Match-making,Hakka_1,做媒人,tsɔ53>55mɔi11ȵin11,zo4 moi2 ngin2 ,OK,
1116_Hakka_1,"1,116",媒人,Matchmaker,Hakka_1,媒人婆,mɔi11ȵin11pʰɔ11,moi2 ngin2 po2 ,OK,
1117_Hakka_1,"1,117",訂婚,To be engaged,Hakka_1,定婚,tʰin53fun13,tin4 fun1 ,OK,
1118_Hakka_1,"1,118",娶妻,"Have a wife, Marry a women",Hakka_1,娶老婆,tsʰi31lau31pʰɔ11,ci3 lau3 po2 ,OK,
1119_Hakka_1,"1,119",嫁人,"Have a husband, Marry a man",Hakka_1,嫁老公,ka53>55lau31kuŋ13,ga4 lau3 gung1 ,OK,
1120_Hakka_1,"1,120",娶兒媳婦,Get a daughter-in-law,Hakka_1,娶心臼,tsʰi31sim13kʰiu13,ci3 sim1 kiu1 ,OK,
1121_Hakka_1,"1,121",招贅(招婿上門),Get a son-in-law (to live with wife’s parents),Hakka_1,招郎入舍,tsau13>35lɔŋ11ȵip31sa53,zau1 long2 ngip5 sa4 ,OK,
1122_Hakka_1,"1,122",新郎,Bridegroom,Hakka_1,新娘公,sin13>35lɔŋ11kuŋ13,sin1 long2 gung1 ,OK,
1123_Hakka_1,"1,123",新娘,Bride,Hakka_1,新娘,sin13>35ȵiɔŋ11,sin1 ngiong2 ,OK,
1124_Hakka_1,"1,124",辦酒席,Hold a banquet,Hakka_1,做酒,tsɔ53>55tsiu31,zo4 ziu3 ,OK,
1125_Hakka_1,"1,125",赴宴,Attend a banquet,Hakka_1,食酒,sit53tsiu31,sit6 ziu3 ,OK,
1126_Hakka_1,"1,126",娘家,Parent’s home (of a married women),Hakka_1,妹家,mɔi53ka13,moi4 ga1 ,OK,
1127_Hakka_1,"1,127",再嫁,Remarry a man,Hakka_1,番嫁,fan13ka53,fan1 ga4 ,OK,
1127_Hakka_2,"1,127",再嫁,Remarry a man,Hakka_2,番頭嫁,fan13>35tʰɛu11ka53,fan1 teu2 ga4 ,OK,
1128_Hakka_1,"1,128",續弦,Remarry a woman,Hakka_1,再娶,tsʰai53>55tsʰi31,cai4 ci3 ,OK,
1129_Hakka_1,"1,129",懷孕,Be pregnant,Hakka_1,大肚胈,tʰai53>55tu31pʰat53,tai4 du3 pat6 ,OK,
1130_Hakka_1,"1,130",害喜(妊娠反應),Pregnancy reaction,Hakka_1,發子,pɔt31tsu31,bot5 zu3 ,OK,
1131_Hakka_1,"1,131",流產,"Miscarriage, Abortion",Hakka_1,損身,sun31sin13,sun3 sin1 ,OK,
1132_Hakka_1,"1,132",孕婦,Pregnant woman,Hakka_1,大肚婆,tʰai53>55tu31pʰɔ11,tai4 du3 po2 ,OK,
1133_Hakka_1,"1,133",臨盆,About to give birth to a baby,Hakka_1,打斗,ta31tɛu31,da3 deu3 ,OK,
1134_Hakka_1,"1,134",生孩子,Give birth to a child,Hakka_1,養阿伢,jɔŋ13ɔ13>35ŋa11,yong1 o1 nga2 ,OK,
1135_Hakka_1,"1,135",難產,"Dystocia, Difficult labour",Hakka_1,養唔出,jɔŋ13m̩13>35tsʰut31,yong1 m1 cut5 ,OK,
1136_Hakka_1,"1,136",接生,Deliver a child,Hakka_1,接生,tsiap31saŋ13,ziap5 sang1 ,OK,
1137_Hakka_1,"1,137",胎盤,Placenta,Hakka_1,胞衣,pau13ji13,bau1 yi1 ,OK,
1138_Hakka_1,"1,138",雙胞胎,Twins,Hakka_1,孖仔,ma13>35tsai31,ma1 zai3 ,OK,
1139_Hakka_1,"1,139",嬰兒,Infant,Hakka_1,阿伢,ɔ13>35ŋa11,o1 nga2 ,OK,
1140_Hakka_1,"1,140",坐月子,Confinement in childbirth,Hakka_1,做月,tsɔ53ȵiɛt53,zo4 ngiet6 ,OK,
1141_Hakka_1,"1,141",餵奶,Breast-feed,Hakka_1,供嬭,kiuŋ53lɛn53,giung4 len4 ,OK,
1142_Hakka_1,"1,142",喂飯,Spoon feed,Hakka_1,飼飯,tsʰi31fan53,ci3 fan4 ,OK,
1143_Hakka_1,"1,143",奶嘴,Nipple of a feeding bottle,Hakka_1,嬭嘴,lɛn53>55tsui31,len4 zui3 ,OK,
1144_Hakka_1,"1,144",把尿,Hold a child tourinate,Hakka_1,兜尿,tɛu13ȵiau53,deu1 ngiau4 ,OK,
1145_Hakka_1,"1,145",尿床,Bed-wetting,Hakka_1,瀨尿,lai11ȵiau53,lai2 ngiau4 ,OK,
1146_Hakka_1,"1,146",擦屁股,Wipe the buttocks,Hakka_1,擯屎,pin31si31,bin3 si3 ,OK,
1147_Hakka_1,"1,147",夭折,Die at young age,Hakka_1,短命,tɔn31miaŋ53,don3 miang4 ,OK,
1148_Hakka_1,"1,148",上吊,Suicide by hanging oneself,Hakka_1,吊頸,tiau53>55kiaŋ31,diau4 giang3 ,OK,
1149_Hakka_1,"1,149",投河,Suicide by jumping into the river,Hakka_1,投河,tʰɛu11hɔ11,teu2 ho2 ,OK,
1150_Hakka_1,"1,150",病死了,Die of illness,Hakka_1,病死嗨,pʰiaŋ53>55si31hɔi13,piang4 si3 hoi1 ,OK,
1151_Hakka_1,"1,151",去世,Die,Hakka_1,過身,kɔ53sin13,go4 sin1 ,OK,
1151_Hakka_2,"1,151",去世,Die,Hakka_2,老嗨,lau31hɔi13,lau3 hoi1 ,OK,
1152_Hakka_1,"1,152",辦喪事,Hold a funeral,Hakka_1,做白事,tsɔ53pʰak53su53,zo4 pak6 su4 ,OK,
1153_Hakka_1,"1,153",棺材,Coffin,Hakka_1,棺材,kɔn13>35tsʰɔi11,gon1 coi2 ,OK,
1154_Hakka_1,"1,154",入殮,Encoffin,Hakka_1,入殮,ȵip53liam13,ngip6 liam1 ,OK,
1155_Hakka_1,"1,155",出殯,Funeral,Hakka_1,送葬,suŋ53tsɔŋ53,sung4 zong4 ,OK,
1156_Hakka_1,"1,156",下葬,Bury,Hakka_1,埋,mai11,mai2 ,OK,
1157_Hakka_1,"1,157",紙錢,Paper currency for offering to the dead,Hakka_1,溪錢,kʰai13>35tsʰiɛn11,kai1 cien2 ,OK,
1158_Hakka_1,"1,158",抬棺人,The people who carry the coffin,Hakka_1,棺材佬,kɔŋ13>35si31lau31,gong1 si3 lau3 ,有問題,缸死佬？ character =/= IPA & ROM
1159_Hakka_1,"1,159",鞭炮,Firecracker,Hakka_1,爆仗,pau53tsʰɔŋ53,bau4 cong4 ,OK,
1160_Hakka_1,"1,160",墳,Grave,Hakka_1,墳頭,fun11tʰɛu11,fun2 teu2 ,OK,
1161_Hakka_1,"1,161",墓碑,Gravestone,Hakka_1,碑石,pi13sak53,bi1 sak6 ,OK,
1162_Hakka_1,"1,162",上墳,Visit the grave,Hakka_1,掛山,ka53san13,ga4 san1 ,OK,
1163_Hakka_1,"1,163",生病,Be sick,Hakka_1,病嗨,pʰiaŋ53hɔi13,piang4 hoi1 ,OK,
1164_Hakka_1,"1,164",難受,Uncomfortable,Hakka_1,難頂,lan11tin31,lan2 din3 ,OK,
1165_Hakka_1,"1,165",發燒,Have a fever,Hakka_1,發燒,fat31sau13,fat5 sau1 ,OK,
1166_Hakka_1,"1,166",發冷,Be chilly,Hakka_1,發冷,pɔt31laŋ13,bot5 lang1 ,OK,
1167_Hakka_1,"1,167",發呆,Be stupefied,Hakka_1,發呆,fat31ŋɔi11,fat5 ngoi2 ,OK,
1168_Hakka_1,"1,168",打冷戰,Be shivery,Hakka_1,打陣冥,ta31tsʰin31min31,da3 cin3 min3 ,OK,
1169_Hakka_1,"1,169",感冒,Catch a cold,Hakka_1,傷風,sɔŋ13fuŋ13,song1 fung1 ,OK,
1170_Hakka_1,"1,170",瘧疾,Malaria,Hakka_1,發大冷,pɔt31tʰai53laŋ13,bot5 tai4 lang1 ,OK,
1171_Hakka_1,"1,171",發抖,Shiver,Hakka_1,吃吃震,kit53kit53tsun13,git6 git6 zun1 ,OK,
1172_Hakka_1,"1,172",哮喘,Asthma,Hakka_1,發呷,pɔt31hap31,bot5 hap5 ,OK,
1173_Hakka_1,"1,173",咳嗽,Cough,Hakka_1,凵,kʰiɛm31,kiem3 ,OK,
1174_Hakka_1,"1,174",著涼,Catch cold,Hakka_1,冷倒,laŋ13>35tau31,lang1 dau3 ,OK,
1175_Hakka_1,"1,175",中暑,Heat stroke,Hakka_1,發痧,pɔt31sa13,bot5 sa1 ,OK,
1176_Hakka_1,"1,176",上火,Have excessive internal heatin the body,Hakka_1,熱氣,ȵiɛt53hi53,ngiet6 hi4 ,OK,
1177_Hakka_1,"1,177",惡心,Nausea,Hakka_1,作嘔,tsɔk31ɛu13,zok5 eu1 ,OK,
1178_Hakka_1,"1,178",便秘,Constipation,Hakka_1,屙屎唔出,ɔ13>35si31m̩13tsʰut31,o1 si3 m1 cut5 ,OK,
1179_Hakka_1,"1,179",拉肚子,Diarrhea,Hakka_1,肚胈屙,tu31pʰat53ɔ13,du3 pat6 o1 ,OK,
1180_Hakka_1,"1,180",不消化,Apepsia,Hakka_1,唔消化,m̩13siau13fa53,m1 siau1 fa4 ,OK,
1181_Hakka_1,"1,181",頭暈,Dizzy,Hakka_1,頭那暈,tʰɛu11la13>35vin11,teu2 la1 vin2 ,OK,
1182_Hakka_1,"1,182",嘔吐,Vomit,Hakka_1,嘔,ɛu31,eu3 ,OK,
1183_Hakka_1,"1,183",(肚子)疼,Pain,Hakka_1,痛,tʰuŋ53,tung4 ,OK,
1184_Hakka_1,"1,184",抽筋,Have a cramp,Hakka_1,抽筋,tsʰiu53kin13,ciu4 gin1 ,OK,
1185_Hakka_1,"1,185",(小兒)驚風,Infantile convulsion,Hakka_1,著驚,tsʰɔk53kiaŋ13,cok6 giang1 ,OK,
1186_Hakka_1,"1,186",收驚,A superstitious way to cure infantile convulsion,Hakka_1,喊同年,ham53>55tʰuŋ11ȵiɛn11,ham4 tung2 ngien2 ,OK,
1187_Hakka_1,"1,187",出麻疹,Have measle,Hakka_1,出麻仔,tsʰut31ma11tsai31,cut5 ma2 zai3 ,OK,
1188_Hakka_1,"1,188",癲癇,Epilepsy,Hakka_1,發死,pɔt31si31,bot5 si3 ,OK,
1189_Hakka_1,"1,189",中風,"Apoplexy, paralysis",Hakka_1,發癱風,pɔt31tʰan13fuŋ13,bot5 tan1 fung1 ,OK,
1190_Hakka_1,"1,190",肺結核,"Pulmonary tuber-culosis,Phthisic",Hakka_1,發癆嗽,pɔt31lau11sɛu13,bot5 lau2 seu1 ,OK,
1191_Hakka_1,"1,191",肝病,"Hepatopathy, Jaundice",Hakka_1,發黃腫,pɔt31vɔŋ11tsuŋ31,bot5 vong2 zung3 ,OK,
1192_Hakka_1,"1,192",癤子,Furuncle,Hakka_1,發痤仔,pɔt31tsʰɔi11tsai31,bot5 coi2 zai3 ,OK,
1193_Hakka_1,"1,193",痱子,Prickly heat,Hakka_1,熱痱,ȵiɛt31mui31,ngiet5 mui3 ,OK,
1194_Hakka_1,"1,194",粉刺,Pimple,Hakka_1,長球,tsɔŋ31kʰiu11,zong3 kiu2 ,OK,
1195_Hakka_1,"1,195",化膿,Fester,Hakka_1,貢膿,kuŋ53>55luŋ11,gung4 lung2 ,OK,
1196_Hakka_1,"1,196",痂,Scab (n.),Hakka_1,庀,pʰi31,pi3 ,OK,
1197_Hakka_1,"1,197",結痂,Scab (v.),Hakka_1,結庀,kiɛt31pʰi31,giet5 pi3 ,OK,
1198_Hakka_1,"1,198",疤,Scar,Hakka_1,疤,pa13,ba1 ,OK,
1199_Hakka_1,"1,199",痣,Nevus (mole),Hakka_1,痣,tsi53,zi4 ,OK,
1200_Hakka_1,"1,200",狐臭,Armpit odour,Hakka_1,狐忽臊,fu11fit53sau13,fu2 fit6 sau1 ,OK,
1201_Hakka_1,"1,201",疝氣,Hernia,Hakka_1,大核卵,tʰai53hak53lɔn31,tai4 hak6 lon3 ,OK,
1202_Hakka_1,"1,202",雀斑,Flecker,Hakka_1,烏蠅屎,vu13>35jin11si31,vu1 yin2 si3 ,OK,
1203_Hakka_1,"1,203",雞皮疙瘩,Gooseflesh,Hakka_1,雞嫲皮,kai13>35ma11pʰi11,gai1 ma2 pi2 ,OK,
1204_Hakka_1,"1,204",(蚊蟲叮的)包,Bump,Hakka_1,蚊伏,mun13pʰuk53,mun1 puk6 ,OK,
1204_Hakka_2,"1,204",(蚊蟲叮的)包,Bump,Hakka_2,蚊膀,mun13>35pʰɔŋ11,mun1 pong2 ,OK,
1205_Hakka_1,"1,205",夜盲,Night blindness,Hakka_1,發雞盲,pɔt31kai13>35maŋ11,bot5 gai1 mang2 ,OK,
1206_Hakka_1,"1,206",痲瘋,Leprosy,Hakka_1,痲瘋,ma11fuŋ13,ma2 fung1 ,OK,
1207_Hakka_1,"1,207",傳染,Infect,Hakka_1,迣人,tsʰɛ53>55ȵin11,ce4 ngin2 ,OK,
1208_Hakka_1,"1,208",扭傷,Wrench,Hakka_1,拉倒,lai31tau31,lai3 dau3 ,OK,
1209_Hakka_1,"1,209",突然坐著跌在地上,Fall suddenly sitting on the ground,Hakka_1,打扽坐,ta31tun53tsʰɔ13,da3 dun4 co1 ,OK,
1210_Hakka_1,"1,210",(皮膚)皸裂,Chap (the skin is too dry and chapped),Hakka_1,爆趼公,pau53kiɛn13kuŋ13,bau4 gien1 gung1 ,OK,
1211_Hakka_1,"1,211",(嗓子)嘶啞,Hoarse,Hakka_1,啞,a31,a3 ,OK,
1212_Hakka_1,"1,212",治病,See the doctor,Hakka_1,看病,kɔn53pʰiaŋ53,gon4 piang4 ,OK,
1213_Hakka_1,"1,213",號脈,Feel pulse,Hakka_1,打脈,ta31mak31,da3 mak5 ,OK,
1214_Hakka_1,"1,214",中藥,Traditional Chinese medicine,Hakka_1,中藥,tsuŋ13jɔk53,zung1 yok6 ,OK,
1215_Hakka_1,"1,215",處方,Recipe,Hakka_1,藥單,tsʰu53fɔŋ13,cu4 fong1 ,有問題,處方 character =/= IPA & ROM
1216_Hakka_1,"1,216",買藥,Buy the medicine,Hakka_1,撿藥,kiam31jɔk53,giam3 yok6 ,OK,
1217_Hakka_1,"1,217",藥丸,Pill,Hakka_1,丸仔,jɛn11tsai31,yen2 zai3 ,OK,
1218_Hakka_1,"1,218",藥粉,Medicine in form of powder,Hakka_1,藥粉,jɔk53fun31,yok6 fun3 ,OK,
1219_Hakka_1,"1,219",熬藥,Decoct medicinal herbs,Hakka_1,煲涼茶,pau13>35liɔŋ11tsʰa11,bau1 liong2 ca2 ,OK,
1220_Hakka_1,"1,220",湯藥,Tisane,Hakka_1,茶,tsʰa11,ca2 ,OK,
1221_Hakka_1,"1,221",見效,Take effect,Hakka_1,見功,kiɛn53kuŋ13,gien4 gung1 ,OK,
1222_Hakka_1,"1,222",(睡)醒了,Wake up,Hakka_1,睡醒,sɔi53>55siaŋ31,soi4 siang3 ,OK,
1223_Hakka_1,"1,223",起床,Get up,Hakka_1,亢身,hɔŋ53sin13,hong4 sin1 ,OK,
1224_Hakka_1,"1,224",疊(被子),Fold up the quilt,Hakka_1,疊,tʰiap53,tiap6 ,OK,
1225_Hakka_1,"1,225",穿(衣服),Put on (clothes),Hakka_1,著,tsɔk31,zok5 ,OK,
1226_Hakka_1,"1,226",洗臉,Wash face,Hakka_1,洗面,sɛ31miɛn53,se3 mien4 ,OK,
1227_Hakka_1,"1,227",梳頭,Comb the hair,Hakka_1,梳頭,sɔ13>35tʰɛu11,so1 teu2 ,OK,
1228_Hakka_1,"1,228",紮(辮子),Tie a braid,Hakka_1,拼,pʰin13,pin1 ,OK,
1229_Hakka_1,"1,229",刮(鬍子),Shave,Hakka_1,剃,tʰai53,tai4 ,OK,
1230_Hakka_1,"1,230",理髮,Hairdressing,Hakka_1,剃頭,tʰai53>55tʰɛu11,tai4 teu2 ,OK,
1231_Hakka_1,"1,231",上工,go to work,Hakka_1,做工,tsɔ53kuŋ13,zo4 gung1 ,OK,
1232_Hakka_1,"1,232",(來)晚(了),Be late,Hakka_1,遲,tsʰi11,ci2 ,OK,
1233_Hakka_1,"1,233",收工,Get off the work,Hakka_1,收工,siu13kuŋ13,siu1 gung1 ,OK,
1234_Hakka_1,"1,234",累(了),Be tired,Hakka_1,攰,kʰiɔi53,kioi4 ,OK,
1235_Hakka_1,"1,235",休息,Have a rest,Hakka_1,敨,tʰɛu31,teu3 ,OK,
1236_Hakka_1,"1,236",回家,Go home,Hakka_1,轉屋下,tsɔn31vuk31kʰa13,zon3 vuk5 ka1 ,OK,
1237_Hakka_1,"1,237",上(廁所),Go to the washroom,Hakka_1,去,hi53,hi4 ,OK,
1238_Hakka_1,"1,238",大便,Shit(v),Hakka_1,屙屎,ɔ13>35si31,o1 si3 ,OK,
1239_Hakka_1,"1,239",小便,Urinate,Hakka_1,屙尿,ɔ13ȵiau53,o1 ngiau4 ,OK,
1240_Hakka_1,"1,240",放屁,Break wind,Hakka_1,打屁,ta31pʰi53,da3 pi4 ,OK,
1241_Hakka_1,"1,241",洗澡,Take a bath,Hakka_1,沖涼,tsʰuŋ13>35liɔŋ11,cung1 liong2 ,OK,
1242_Hakka_1,"1,242",擦澡,Rub onself down with a wet towel,Hakka_1,抹身,mat31sin13,mat5 sin1 ,OK,
1243_Hakka_1,"1,243",乘涼,Sit in the shade and enjoy the coolness,Hakka_1,敨涼,tʰɛu31liɔŋ11,teu3 liong2 ,OK,
1244_Hakka_1,"1,244",曬(太陽),Bask in the sun,Hakka_1,曬一般,sai53,sai4 ,OK,
1244_Hakka_2,"1,244",曬(太陽),Bask in the sun,Hakka_2,炙冬天,tsak31,zak5 ,有問題,missing ROM
1245_Hakka_1,"1,245",烤火,Warm oneself before the fire,Hakka_1,炙火,tsak31fɔ31,zak5 fo3 ,OK,
1246_Hakka_1,"1,246",聊天,Chat,Hakka_1,講水古,kɔŋ31sui31ku13,gong3 sui3 gu1 ,OK,
1247_Hakka_1,"1,247",打瞌睡,Doze,Hakka_1,啄目睡,tuk31muk31sɔi53,duk5 muk5 soi4 ,OK,
1248_Hakka_1,"1,248",打個盹兒,Have a nap,Hakka_1,眯一下,mi13>35jit31ha53,mi1 yit5 ha4 ,OK,
1249_Hakka_1,"1,249",打哈欠,Yawn,Hakka_1,擘囉,mak31lɔ53,mak5 lo4 ,OK,
1250_Hakka_1,"1,250",打噴嚏,Sneeze,Hakka_1,打哈嗤,ta31at53tsʰi53,da3 at6 ci4 ,OK,
1251_Hakka_1,"1,251",鋪床,Make the bed,Hakka_1,迒眠床,hɔŋ11min11tsʰɔŋ11,hong2 min2 cong2 ,OK,
1252_Hakka_1,"1,252",躺下,Lie down,Hakka_1,眠下,min11ha13,min2 ha1 ,OK,
1253_Hakka_1,"1,253",睡覺,Sleep,Hakka_1,睡目,sɔi31muk31,soi3 muk5 ,OK,
1254_Hakka_1,"1,254",熄燈,Turn off the light,Hakka_1,烏燈,vu13tɛn13,vu1 den1 ,OK,
1255_Hakka_1,"1,255",睡著(了),Fall asleep,Hakka_1,睡落覺,sɔi53>55lɔk31kau53,soi4 lok5 gau4 ,OK,
1256_Hakka_1,"1,256",做夢,Have dream,Hakka_1,發夢,pɔt31muŋ53,bot5 mung4 ,OK,
1257_Hakka_1,"1,257",說夢話,Talk in one’s sleep,Hakka_1,講夢話,kɔŋ31muŋ53va53,gong3 mung4 va4 ,OK,
1258_Hakka_1,"1,258",失眠,Sleepless,Hakka_1,睡唔落覺,sɔi53m̩13>35lɔk31kau53,soi4 m1 lok5 gau4 ,OK,
1259_Hakka_1,"1,259",打鼾,Snore,Hakka_1,扯鼻鼾,tsʰa31pʰi53>55hɔn11,ca3 pi4 hon2 ,OK,
1260_Hakka_1,"1,260",仰面睡,Sleep face up,Hakka_1,挺挺仰睡,tʰɛn31tʰɛn31ŋɔŋ13sɔi53,ten3 ten3 ngong1 soi4 ,OK,
1261_Hakka_1,"1,261",側身睡,Lie down on one side,Hakka_1,打側睡,ta31tsɛt31sɔi53,da3 zet5 soi4 ,OK,
1262_Hakka_1,"1,262",扒著睡,Sleep face down,Hakka_1,罯罯伏,am31am31pʰuk31,am3 am3 puk5 ,OK,
1263_Hakka_1,"1,263",落枕,Stiff neck,Hakka_1,失枕,sip31tsim31,sip5 zim3 ,OK,
1264_Hakka_1,"1,264",學校,School,Hakka_1,學堂,hɔk53tʰɔŋ11,hok6 tong2 ,OK,
1265_Hakka_1,"1,265",啟蒙,Enlighten,Hakka_1,破學,pʰɔ53hɔk53,po4 hok6 ,OK,
1266_Hakka_1,"1,266",上學,Go to school,Hakka_1,去學堂,hi53hɔk53tʰɔŋ11,hi4 hok6 tong2 ,OK,
1266_Hakka_2,"1,266",上學,Go to school,Hakka_2,返學,fan13hɔk53,fan1 hok6 ,OK,
1267_Hakka_1,"1,267",放學,After school,Hakka_1,放學,fɔŋ53hɔk53,fong4 hok6 ,OK,
1268_Hakka_1,"1,268",書,Book,Hakka_1,書,su13,su1 ,OK,
1269_Hakka_1,"1,269",本子,Notebook,Hakka_1,簿仔,pʰu13>35tsai31,pu1 zai3 ,OK,
1270_Hakka_1,"1,270",老師,Teacher,Hakka_1,教書先生,kau13su13sin13saŋ13,gau1 su1 sin1 sang1 ,OK,
1271_Hakka_1,"1,271",學生,Student,Hakka_1,學生,hɔk31saŋ13,hok5 sang1 ,OK,
1272_Hakka_1,"1,272",第一名,"Number 1, champion",Hakka_1,頭名,tʰɛu11miaŋ11,teu2 miang2 ,OK,
1273_Hakka_1,"1,273",最後一名,The last one,Hakka_1,第尾,tʰi53mui13,ti4 mui1 ,OK,
1274_Hakka_1,"1,274",毛筆,Brush pen,Hakka_1,毛筆,mau13>35pit31,mau1 bit5 ,OK,
1275_Hakka_1,"1,275",鋼筆,Fountain pen,Hakka_1,水筆,sui31pit31,sui3 bit5 ,OK,
1276_Hakka_1,"1,276",鉛筆,Pencil,Hakka_1,鉛筆,jɛn11pit31,yen2 bit5 ,OK,
1277_Hakka_1,"1,277",筆套兒,Pen cover,Hakka_1,筆筒套,pit31tʰuŋ11tʰau53,bit5 tung2 tau4 ,OK,
1278_Hakka_1,"1,278",紙,Paper,Hakka_1,紙,tsi31,zi3 ,OK,
1279_Hakka_1,"1,279",圖釘,Thumb pin (thumb tack),Hakka_1,撳釘,kʰim53taŋ13,kim4 dang1 ,OK,
1280_Hakka_1,"1,280",信封,Envelope,Hakka_1,信筒,sin53>55tʰuŋ11,sin4 tung2 ,OK,
1281_Hakka_1,"1,281",信紙,Letter pad,Hakka_1,信肉,sim53ȵiuk31,sim4 ngiuk5 ,OK,
1282_Hakka_1,"1,282",漿糊,Paste,Hakka_1,漿糊,tsiɔŋ13>35fu11,ziong1 fu2 ,OK,
1283_Hakka_1,"1,283",小刀兒,Knife,Hakka_1,刀仔,tau13>35tsai31,dau1 zai3 ,OK,
1284_Hakka_1,"1,284",削(鉛筆),Sharpen,Hakka_1,砒,pʰai13,pai1 ,OK,
1285_Hakka_1,"1,285",尺,Ruler,Hakka_1,尺,tsʰak31,cak5 ,OK,
1286_Hakka_1,"1,286",橡皮擦,Eraser,Hakka_1,擦紙膠,tsʰat31tsi31kau13,cat5 zi3 gau1 ,OK,
1287_Hakka_1,"1,287",橡皮筋,"Elastic, rubber bands",Hakka_1,橡筋,siɔŋ53kin13,siong4 gin1 ,OK,
1288_Hakka_1,"1,288",台硯,Ink-stone,Hakka_1,墨湖,mɛt53fu11,met6 fu2 ,OK,
1289_Hakka_1,"1,289",墨,Chinese ink,Hakka_1,墨,mɛt53,met6 ,OK,
1290_Hakka_1,"1,290",墨汁,Prepared Chinese ink,Hakka_1,墨汁,mɛt53tsip31,met6 zip5 ,OK,
1291_Hakka_1,"1,291",墨水,Ink,Hakka_1,墨水,mɛt31sui31,met5 sui3 ,OK,
1292_Hakka_1,"1,292",掭(筆),Dip (ink with brush pen),Hakka_1,蘸,tsiam31,ziam3 ,OK,
1293_Hakka_1,"1,293",洇(紙),(Ink) spread and sink inpaper,Hakka_1,漬,tsi53,zi4 ,OK,
1294_Hakka_1,"1,294",草書,Cursive,Hakka_1,草,tsʰau31,cau3 ,OK,
1295_Hakka_1,"1,295",(用筆)塗抹,Daub (smear),Hakka_1,塗,tʰu11,tu2 ,OK,
1296_Hakka_1,"1,296",逃學,Skip the class,Hakka_1,逃學,tʰau11hɔk53,tau2 hok6 ,OK,
1297_Hakka_1,"1,297",考試,Examination,Hakka_1,考試,kʰau31si53,kau3 si4 ,OK,
1299_Hakka_1,"1,299",罰站,Stand as a punishment,Hakka_1,徛堂,kʰi13>35tʰɔŋ11,ki1 tong2 ,OK,
1300_Hakka_1,"1,300",圖章,Stamp (seal),Hakka_1,印仔,jin53>55tsai31,yin4 zai3 ,OK,
1301_Hakka_1,"1,301",徽章,Badge,Hakka_1,襟章,kʰim13tsɔŋ13,kim1 zong1 ,OK,
1302_Hakka_1,"1,302",郵局,Post office,Hakka_1,郵局,jiu11kʰiuk53,yiu2 kiuk6 ,OK,
1303_Hakka_1,"1,303",郵票,Stamp,Hakka_1,郵票,jiu11pʰiau53,yiu2 piau4 ,OK,
1304_Hakka_1,"1,304",相片,Photo,Hakka_1,相片,siɔŋ53pʰiɛn53,siong4 pien4 ,OK,
1305_Hakka_1,"1,305",電影,Film (movie),Hakka_1,影畫戲,jaŋ31fa53hi53,yang3 fa4 hi4 ,OK,
1305_Hakka_2,"1,305",電影,Film (movie),Hakka_2,電影,tʰiɛn53>55jaŋ31,tien4 yang3 ,OK,
1306_Hakka_1,"1,306",畫兒,Picture,Hakka_1,畫,fa53,fa4 ,OK,
1307_Hakka_1,"1,307",對聯,Spring couples,Hakka_1,對,tui53,dui4 ,OK,
1308_Hakka_1,"1,308",玩兒,Play,Hakka_1,聊,liau53,liau4 ,OK,
1309_Hakka_1,"1,309",球,Ball,Hakka_1,波,pɔ13,bo1 ,OK,
1310_Hakka_1,"1,310",踢足球,Play football,Hakka_1,踢足球,tʰiak31tsuk31kʰiu11,tiak5 zuk5 kiu2 ,OK,
1311_Hakka_1,"1,311",蕩鞦韆,Play the swing,Hakka_1,打韆鞦,ta31tsʰin13tsʰiu13,da3 cin1 ciu1 ,OK,
1312_Hakka_1,"1,312",放風箏,Fly a kite,Hakka_1,放紙鷂,fɔŋ53>55tsi31jau53,fong4 zi3 yau4 ,OK,
1313_Hakka_1,"1,313",講故事,Tell a story,Hakka_1,講古仔,kɔŋ31ku31tsai31,gong3 gu3 zai3 ,OK,
1314_Hakka_1,"1,314",唱歌,Sing,Hakka_1,唱歌,tsʰɔŋ53kɔ13,cong4 go1 ,OK,
1315_Hakka_1,"1,315",哨子,Whistle (n.),Hakka_1,銀雞,ȵiun11kai13,ngiun2 gai1 ,OK,
1316_Hakka_1,"1,316",吹口哨,Whistle (v.) with the mouth,Hakka_1,打符繡,ta31fu11siu53,da3 fu2 siu4 ,OK,
1317_Hakka_1,"1,317",簫,vertical bamboo flute,Hakka_1,簫,siau13,siau1 ,OK,
1318_Hakka_1,"1,318",吹笛子,Play flute,Hakka_1,吹笛,tsʰui13tʰiak53,cui1 tiak6 ,OK,
1319_Hakka_1,"1,319",下棋,Play chess,Hakka_1,捉棋,tsɔk31kʰi11,zok5 ki2 ,OK,
1320_Hakka_1,"1,320",抓牌,Play cards,Hakka_1,摸牌,ȵiam13>35pʰai11,ngiam1 pai2 ,唔肯定,摸 訓讀？
1321_Hakka_1,"1,321",游泳,Swim,Hakka_1,游水,jiu11sui31,yiu2 sui3 ,OK,
1322_Hakka_1,"1,322",潛水,Dive,Hakka_1,沕水,mi53>55sui31,mi4 sui3 ,OK,
1323_Hakka_1,"1,323",打水漂,Skip stone on the water,Hakka_1,打水片,ta31sui31pʰiɛn31,da3 sui3 pien3 ,OK,
1324_Hakka_1,"1,324",擺弄(玩具),Play with(toy),Hakka_1,搞,kau31,gau3 ,OK,
1325_Hakka_1,"1,325",會武術,Can play kung-fu,Hakka_1,曉功夫,hiau31kuŋ13fu13,hiau3 gung1 fu1 ,OK,
1326_Hakka_1,"1,326",變魔術,Perform magic,Hakka_1,撮把戲,tsʰɔt31pa31hi53,cot5 ba3 hi4 ,OK,
1327_Hakka_1,"1,327",翻跟鬥（斗？）,Somersault,Hakka_1,打翻車,ta31fan11tsʰa13,da3 fan2 ca1 ,OK,
1328_Hakka_1,"1,328",掃堂腿,Use leg to stumblesomeone(martial art),Hakka_1,勾腳,kiu13>35kiɔk31,giu1 giok5 ,OK,
1329_Hakka_1,"1,329",捉迷藏,Hide-and-seek,Hakka_1,屏人子,piaŋ53>55ȵin11tsu13,biang4 ngin2 zu1 ,OK,
1330_Hakka_1,"1,330",撓癢癢,Scratch an itch,Hakka_1,捻,liɛm13,liem1 ,OK,
1331_Hakka_1,"1,331",跳房子,Hopscotch,Hakka_1,跳飛機,tʰiau53fui13ki13,tiau4 fui1 gi1 ,OK,
1332_Hakka_1,"1,332",舞龍,Dragon dance,Hakka_1,舞龍,mu31luŋ11,mu3 lung2 ,OK,
1333_Hakka_1,"1,333",拉二胡,Play erhu (Chinesetwo-string fiddle),Hakka_1,拉二弦,lai13ȵi53>55hiɛn11,lai1 ngi4 hien2 ,OK,
1334_Hakka_1,"1,334",放鞭炮,Shoot off firecrackers,Hakka_1,打爆仗,ta31pau53tsʰɔŋ53,da3 bau4 cong4 ,OK,
1335_Hakka_1,"1,335",騎脖子,Ride on one’s shoulder,Hakka_1,騎馬度,kʰi11ma13tɔk53,ki2 ma1 dok6 ,OK,
1336_Hakka_1,"1,336",倒立,handstand,Hakka_1,起種竹,hi31tsuŋ53>55tsuk31,hi3 zung4 zuk5 ,OK,
1337_Hakka_1,"1,337",面具,Mask,Hakka_1,鬼面殼,kui31miɛn53>55hɔk31,gui3 mien4 hok5 ,OK,
1338_Hakka_1,"1,338",猜拳,A finger-guessing game,Hakka_1,猜枚,tsai13>35mɔi11,zai1 moi2 ,OK,
1339_Hakka_1,"1,339",抓鬮,Lot,Hakka_1,拈鬮,ȵiam13kʰiu13,ngiam1 kiu1 ,OK,
1340_Hakka_1,"1,340",壓歲錢,New Yearluckymoney,Hakka_1,磧年利市,tsak31ȵiɛn11li53si53,zak5 ngien2 li4 si4 ,OK,
1341_Hakka_1,"1,341",請客,"Treat or entertain guests, prepare a banquet",Hakka_1,擺酒,pai31tsiu31,bai3 ziu3 ,OK,
1342_Hakka_1,"1,342",送禮,Send a gift,Hakka_1,搭人世,tap31ȵin11sɛ53,dap5 ngin2 se4 ,OK,
1343_Hakka_1,"1,343",收禮,Receive a gift,Hakka_1,接禮,tsiap31li13,ziap5 li1 ,OK,
1344_Hakka_1,"1,344",感謝,Thanks,Hakka_1,多謝,tɔ13tsʰia53,do1 cia4 ,OK,
1345_Hakka_1,"1,345",稀客,An infrequent visitor,Hakka_1,生客,saŋ13>35hak31,sang1 hak5 ,OK,
1346_Hakka_1,"1,346",請坐,Sit down please,Hakka_1,請坐,tsʰiaŋ31tsʰɔ13,ciang3 co1 ,OK,
1347_Hakka_1,"1,347",講客氣,Be polite,Hakka_1,客氣,hak31hi53,hak5 hi4 ,OK,
1348_Hakka_1,"1,348",斟(茶),Serve the tea,Hakka_1,退茶,tʰui53>55tsʰa11,tui4 ca2 ,OK,
1349_Hakka_1,"1,349",散(煙),Serve the cigarette,Hakka_1,派,pʰai53,pai4 ,OK,
1350_Hakka_1,"1,350",開始,Start,Hakka_1,開始,hɔi13>35tʰɛu11,hoi1 teu2 ,有問題,開頭 character =/= IPA & ROM
1351_Hakka_1,"1,351",入席,Sit down to dinner,Hakka_1,坐席,tsʰɔ13tsʰit53,co1 cit6 ,OK,
1352_Hakka_1,"1,352",上菜,Serve the dish,Hakka_1,上菜,sɔŋ13tsʰɔi53,song1 coi4 ,OK,
1353_Hakka_1,"1,353",倒酒,Pour wine,Hakka_1,倒酒,tau31tsiu31,dau3 ziu3 ,OK,
1354_Hakka_1,"1,354",乾杯,"Cheers, drink a toast",Hakka_1,乾杯,jim31,yim3 ,有問題,飲 character =/= IPA & ROM
1355_Hakka_1,"1,355",慢走,Go home slowly (a polite word similar to “Good-Bye”),Hakka_1,慢慢行,man53man53>55haŋ11,man4 man4 hang2 ,OK,
1356_Hakka_1,"1,356",胡說,Nonsense,Hakka_1,亂嗑,lɔn53>55kʰap31,lon4 kap5 ,OK,
1357_Hakka_1,"1,357",招待,Entertain,Hakka_1,招呼,tsau13fu13,zau1 fu1 ,OK,
1358_Hakka_1,"1,358",叩頭,Kowtow,Hakka_1,拜,pai53,bai4 ,OK,
1359_Hakka_1,"1,359",作揖,bow with hands folded in front,Hakka_1,唱惹,tsʰɔŋ53ja13,cong4 ya1 ,OK,
1360_Hakka_1,"1,360",風光,Proudhearted,Hakka_1,威風,vui13fuŋ13,vui1 fung1 ,OK,
1361_Hakka_1,"1,361",擺闊,Flaunt one’s wealth,Hakka_1,擺面子,pai31miɛn53>55tsu31,bai3 mien4 zu3 ,OK,
1362_Hakka_1,"1,362",充好漢,pose as a hero,Hakka_1,充好漢,tsʰuŋ13>35hau31hɔn53,cung1 hau3 hon4 ,OK,
1363_Hakka_1,"1,363",丟臉,Lose face,Hakka_1,見笑,kiɛn53siau53,gien4 siau4 ,OK,
1364_Hakka_1,"1,364",受累,Got involved in a trouble,Hakka_1,連累,liɛn11lui53,lien2 lui4 ,OK,
1365_Hakka_1,"1,365",難為你,Make someone into trouble,Hakka_1,難為你,lan11vui11ȵi11,lan2 vui2 ngi2 ,OK,
1366_Hakka_1,"1,366",(別)理(他),(do not) rap to sombody,Hakka_1,刮,kat31,gat5 ,OK,
1367_Hakka_1,"1,367",邀(伴兒),Invite,Hakka_1,湊,tsʰɛu53,ceu4 ,OK,
1368_Hakka_1,"1,368",遇見(熟人),Encounter,Hakka_1,遇到,ȵi53>55tau31,ngi4 dau3 ,OK,
1369_Hakka_1,"1,369",看望(病人),To visit the patient,Hakka_1,探,tʰam53,tam4 ,OK,
1370_Hakka_1,"1,370",說話,Speak,Hakka_1,講話,kɔŋ31va53,gong3 va4 ,OK,
1371_Hakka_1,"1,371",撇廣州話,Speak inCantonese,Hakka_1,講本地,kɔŋ31pun31tʰi53,gong3 bun3 ti4 ,OK,
1372_Hakka_1,"1,372",拍馬屁,Flatter,Hakka_1,捧大腳,puŋ31tʰai53>55kiɔk31,bung3 tai4 giok5 ,OK,
1373_Hakka_1,"1,373",叮囑,Warn or urge repeatedly,Hakka_1,吩咐,fun13fu53,fun1 fu4 ,OK,
1374_Hakka_1,"1,374",搭腔,Accost,Hakka_1,搭嘴,tap31tsɔi53,dap5 zoi4 ,唔肯定,嘴 variants?
1375_Hakka_1,"1,375",插嘴,Break into a conversation,Hakka_1,插嘴,tsʰap31tsui31,cap5 zui3 ,唔肯定,嘴 variants?
1376_Hakka_1,"1,376",呵斥,Scold,Hakka_1,喝,hɔt31,hot5 ,OK,
1377_Hakka_1,"1,377",哄騙,Lie to somebody,Hakka_1,撮,tsʰɔt31,cot5 ,OK,
1378_Hakka_1,"1,378",完蛋,Over,Hakka_1,死咯,si31lɔ31,si3 lo3 ,OK,
1379_Hakka_1,"1,379",數落,scold sb. by enumerating his wrong-doings,Hakka_1,話,va53,va4 ,OK,
1380_Hakka_1,"1,380",(非粗話)罵人,Scold,Hakka_1,罵人,ma53>55ȵin11,ma4 ngin2 ,OK,
1381_Hakka_1,"1,381",(用粗話)罵人,"Verbal abuse,scold with foul words",Hakka_1,罵人,ma53>55ȵin11,ma4 ngin2 ,OK,
1382_Hakka_1,"1,382",講汙穢話,Use abusive words,Hakka_1,講爛嘴,kɔŋ31lan53tsɔi53,gong3 lan4 zoi4 ,唔肯定,嘴 variants?
1383_Hakka_1,"1,383",挨打(被打),Be beaten,Hakka_1,分人打,pin13>35ȵin11ta31,bin1 ngin2 da3 ,OK,
1384_Hakka_1,"1,384",吵架,Quarrel,Hakka_1,吵交,tsʰau11kau13,cau2 gau1 ,OK,
1385_Hakka_1,"1,385",打架,Fight,Hakka_1,打交,ta31kau13,da3 gau1 ,OK,
1386_Hakka_1,"1,386",勸架,Mediate,Hakka_1,拆交,kʰiɛn53kau13,kien4 gau1 ,有問題,勸交 Character =/= IPA & ROM
1387_Hakka_1,"1,387",護著(他),On one’s side and defend him,Hakka_1,幫等,pɔŋ13>35tɛn31,bong1 den3 ,OK,
1388_Hakka_1,"1,388",給(他),Give (him something),Hakka_1,分,pin13,bin1 ,OK,
1389_Hakka_1,"1,389",叫(他來),Ask (him to come),Hakka_1,喊,hiɛm13,hiem1 ,OK,
1390_Hakka_1,"1,390",行(應答),Okay,Hakka_1,做得,tsɔ53>55tɛt31,zo4 det5 ,OK,
1391_Hakka_1,"1,391",不錯,Quite good,Hakka_1,唔錯,m̩13tsʰɔ53,m1 co4 ,OK,
1392_Hakka_1,"1,392",不准(去),Not allowed to (go ),Hakka_1,唔准,m̩13>35tsun31,m1 zun3 ,OK,
1393_Hakka_1,"1,393",唆使,Instigate,Hakka_1,唆,sɔ11,so2 ,OK,
1394_Hakka_1,"1,394",頂撞,Contradict somebody,Hakka_1,頂,tin31,din3 ,OK,
1395_Hakka_1,"1,395",撩撥,Make mischief between others,Hakka_1,撩,liau11,liau2 ,OK,
1396_Hakka_1,"1,396",合(不來),Get along with,Hakka_1,佮,kap31,gap5 ,OK,
1397_Hakka_1,"1,397",遷就,Accommodate someone,Hakka_1,就,tsʰiu53,ciu4 ,OK,
1398_Hakka_1,"1,398",回老家,Go back hometown,Hakka_1,轉鄉下,tsɔn31hiɔŋ13ha53,zon3 hiong1 ha4 ,OK,
1399_Hakka_1,"1,399",走親戚,Visit relatives,Hakka_1,邏人客,la11ȵin11hak31,la2 ngin2 hak5 ,OK,
1400_Hakka_1,"1,400",沒空兒,Have no time,Hakka_1,冇閒,mau11han11,mau2 han2 ,OK,
1400_Hakka_2,"1,400",沒空兒,Have no time,Hakka_2,唔得閒,m̩13>35tɛt31han11,m1 det5 han2 ,OK,
1401_Hakka_1,"1,401",有空兒,Have time,Hakka_1,得閒,tɛt31han11,det5 han2 ,OK,
1402_Hakka_1,"1,402",辦妥(了),Fix something up,Hakka_1,辦好,pʰan53>55hau31,pan4 hau3 ,OK,
1402_Hakka_2,"1,402",辦妥(了),Fix something up,Hakka_2,搞掂,kau31tʰiam53,gau3 tiam4 ,OK,
1403_Hakka_1,"1,403",走運,Have a good luck,Hakka_1,行運,haŋ11jun53,hang2 yun4 ,OK,
1404_Hakka_1,"1,404",倒楣,Have a bad luck,Hakka_1,當衰,haŋ11sɔi13jun53,hang2 soi1 yun4 ,有問題,行衰運 character =/= IPA & ROM
1405_Hakka_1,"1,405",時興,In fashion,Hakka_1,興,hin13,hin1 ,OK,
1406_Hakka_1,"1,406",商店,Shop,Hakka_1,鋪頭,pʰu53>55tʰɛu11,pu4 teu2 ,OK,
1407_Hakka_1,"1,407",飯館,Restaurant,Hakka_1,茶居,tsʰa11ki13,ca2 gi1 ,OK,
1407_Hakka_2,"1,407",飯館,Restaurant,Hakka_2,飯店,fan53tiam53,fan4 diam4 ,OK,
1408_Hakka_1,"1,408",旅館,Hotel,Hakka_1,客棧,hak31tsʰan53,hak5 can4 ,OK,
1409_Hakka_1,"1,409",擺攤兒,Run a stand in the market,Hakka_1,擺檔,pai31tɔŋ53,bai3 dong4 ,OK,
1410_Hakka_1,"1,410",販子,Vendor,Hakka_1,小販,siau31fan53,siau3 fan4 ,OK,
1411_Hakka_1,"1,411",(生意)旺,(business is) brisk,Hakka_1,好,hau31,hau3 ,OK,
1412_Hakka_1,"1,412",開張,Open business,Hakka_1,開張,hɔi13tsɔŋ13,hoi1 zong1 ,OK,
1413_Hakka_1,"1,413",盤點,Take and check stock,Hakka_1,盤點,pʰan11tiam31,pan2 diam3 ,OK,
1414_Hakka_1,"1,414",歇業,Close the shop,Hakka_1,打快扒,ta31kʰai53>55pʰa11,da3 kai4 pa2 ,OK,
1415_Hakka_1,"1,415",櫃台,Counter,Hakka_1,櫃台,kʰui53>55tʰɔi11,kui4 toi2 ,OK,
1416_Hakka_1,"1,416",老闆,Boss,Hakka_1,侍頭,si53>55tʰɛu11,si4 teu2 ,OK,
1417_Hakka_1,"1,417",女老闆,Female boss or boss’ wife,Hakka_1,侍頭婆,si53>55tʰɛu11pʰɔ11,si4 teu2 po2 ,OK,
1418_Hakka_1,"1,418",店員,Shopkeeper,Hakka_1,伙記,fɔ11ki53,fo2 gi4 ,OK,
1419_Hakka_1,"1,419",師傅,Master,Hakka_1,師傅,su53fu53,su4 fu4 ,OK,
1420_Hakka_1,"1,420",徒弟,Apprentice,Hakka_1,徒弟,tʰu11tʰi53,tu2 ti4 ,OK,
1421_Hakka_1,"1,421",顧客,Customer,Hakka_1,客,hak31,hak5 ,OK,
1422_Hakka_1,"1,422",還價,Bargain,Hakka_1,講價,kɔŋ31ka53,gong3 ga4 ,OK,
1423_Hakka_1,"1,423",砍價,Cheapenthe priceduring bargaining,Hakka_1,還價,van11ka53,van2 ga4 ,OK,
1424_Hakka_1,"1,424",降價,Price reduction,Hakka_1,跌價,tɛt31ka53,det5 ga4 ,OK,
1425_Hakka_1,"1,425",賒帳,Buy goods on credit,Hakka_1,賒,tsʰa11,ca2 ,OK,
1426_Hakka_1,"1,426",欠帳,Be in debt,Hakka_1,欠賬,kʰiam53tsɔŋ53,kiam4 zong4 ,OK,
1427_Hakka_1,"1,427",要帳,To collect bills overdue,Hakka_1,追帳,tsui13tsɔŋ53,zui1 zong4 ,OK,
1428_Hakka_1,"1,428",算盤,Abacus,Hakka_1,算盤,sɔn53>55pʰan11,son4 pan2 ,OK,
1429_Hakka_1,"1,429",秤,Steelyard,Hakka_1,秤,tsʰin53,cin4 ,OK,
1430_Hakka_1,"1,430",戥子,smaller steelyard,Hakka_1,厘秤,li11tsʰin53,li2 cin4 ,OK,
1431_Hakka_1,"1,431",開支,Expense,Hakka_1,皮費,pʰi11fui53,pi2 fui4 ,OK,
1432_Hakka_1,"1,432",本錢,Capital for business,Hakka_1,本錢,pun31tsʰiɛn11,bun3 cien2 ,OK,
1433_Hakka_1,"1,433",合夥,Construct a partnership,Hakka_1,佮份,kap31fun53,gap5 fun4 ,OK,
1434_Hakka_1,"1,434",湊(錢),Make a raise,Hakka_1,斂,liam13,liam1 ,OK,
1435_Hakka_1,"1,435",弄(錢),Manage to raise a fund,Hakka_1,斂,liam13,liam1 ,OK,
1436_Hakka_1,"1,436",錢(概稱),Money,Hakka_1,錢,tsʰiɛn11,cien2 ,OK,
1437_Hakka_1,"1,437",紙幣,Paper currency,Hakka_1,銀紙,ȵiun11tsi31,ngiun2 zi3 ,OK,
1438_Hakka_1,"1,438",硬幣,Coin,Hakka_1,硬幣,ŋan53pi53,ngan4 bi4 ,OK,
1439_Hakka_1,"1,439",整錢,The bill beforeturninginto changes,Hakka_1,大紙,tʰai53>55tsi31,tai4 zi3 ,OK,
1440_Hakka_1,"1,440",零錢,Change,Hakka_1,散紙,san31tsi31,san3 zi3 ,OK,
1441_Hakka_1,"1,441",數(錢),Count the cash,Hakka_1,數,su53,su4 ,OK,
1442_Hakka_1,"1,442",找(錢),Give the change,Hakka_1,找,tsau31,zau3 ,OK,
1443_Hakka_1,"1,443",差(一角錢),Short for (one cent),Hakka_1,爭,tsaŋ13,zang1 ,OK,
1444_Hakka_1,"1,444",利息,Interest,Hakka_1,利,li53,li4 ,OK,
1445_Hakka_1,"1,445",掙(錢),Make (money),Hakka_1,賺,tsʰan53,can4 ,OK,
1446_Hakka_1,"1,446",虧本,Loss,Hakka_1,蝕本,sɛt31pun31,set5 bun3 ,OK,
1447_Hakka_1,"1,447",值得,Deserve to do,Hakka_1,抵,tai31,dai3 ,OK,
1448_Hakka_1,"1,448",夠秤,enough weight,Hakka_1,夠秤,kɛu53tsʰin53,geu4 cin4 ,OK,
1449_Hakka_1,"1,449",不夠秤,Short weight,Hakka_1,唔夠秤,m̩13kɛu53tsʰin53,m1 geu4 cin4 ,OK,
1450_Hakka_1,"1,450",省(錢),Save money,Hakka_1,慳,han13,han1 ,OK,
1451_Hakka_1,"1,451",合算,Worthwhile,Hakka_1,著數,tsʰɔk53su53,cok6 su4 ,OK,
1452_Hakka_1,"1,452",不合算,Unworthwihle,Hakka_1,唔著數,m̩13tsʰɔk53su53,m1 cok6 su4 ,OK,
1453_Hakka_1,"1,453",貴,Expensive,Hakka_1,貴,kui53,gui4 ,OK,
1454_Hakka_1,"1,454",便宜,Cheap,Hakka_1,平,pʰiaŋ11,piang2 ,OK,
1455_Hakka_1,"1,455",車站,Station,Hakka_1,車站,tsʰa13tsam53,ca1 zam4 ,OK,
1456_Hakka_1,"1,456",碼頭,Dock,Hakka_1,碼頭,ma13>35tʰɛu11,ma1 teu2 ,OK,
1457_Hakka_1,"1,457",橋,Bridge,Hakka_1,橋,kʰiau11,kiau2 ,OK,
1458_Hakka_1,"1,458",街,Street,Hakka_1,街,kai13,gai1 ,OK,
1459_Hakka_1,"1,459",人行道,Sidewalk,Hakka_1,行人路,haŋ11ȵin11lu53,hang2 ngin2 lu4 ,OK,
1460_Hakka_1,"1,460",公路,Road,Hakka_1,馬路,ma13lu53,ma1 lu4 ,OK,
1461_Hakka_1,"1,461",汽車,Automobile,Hakka_1,汽車,hi53tsʰa13,hi4 ca1 ,OK,
1462_Hakka_1,"1,462",小轎車,Car,Hakka_1,私家車,su13ka13tsʰa13,su1 ga1 ca1 ,OK,
1463_Hakka_1,"1,463",客車,Coach,Hakka_1,客車,hak31tsʰa13.,hak5 ca1 .,OK,
1464_Hakka_1,"1,464",自行車,Bike,Hakka_1,單車,tan13tsʰa13,dan1 ca1 ,OK,
1465_Hakka_1,"1,465",人力車,Rickshaw,Hakka_1,人力車,ȵin11lit53tsʰa13,ngin2 lit6 ca1 ,OK,
1466_Hakka_1,"1,466",三輪車,Pedicab,Hakka_1,三輪車,san13>35lin11tsʰa13,san1 lin2 ca1 ,OK,
1467_Hakka_1,"1,467",獨輪車,Monocycle (wheelbarraw),Hakka_1,雞公車,kai13kuŋ13tsʰa13,gai1 gung1 ca1 ,OK,
1468_Hakka_1,"1,468",車輪子,Wheel,Hakka_1,輪,lin11,lin2 ,OK,
1469_Hakka_1,"1,469",輪船,Ship,Hakka_1,火船,fɔ31sɔn11,fo3 son2 ,OK,
1470_Hakka_1,"1,470",帆船,Sailboat,Hakka_1,帆船,fan11sɔn11,fan2 son2 ,OK,
1471_Hakka_1,"1,471",小船,Small boat,Hakka_1,船仔,sɔn11tsai31,son2 zai3 ,OK,
1472_Hakka_1,"1,472",汽艇,Motorboat,Hakka_1,電船,tʰiɛn53>55sɔn11,tien4 son2 ,OK,
1473_Hakka_1,"1,473",竹筏子,Bamboo raft,Hakka_1,竹簰,tsuk31pʰai11,zuk5 pai2 ,OK,
1474_Hakka_1,"1,474",(船)滲水,(the boat) leak,Hakka_1,漏水,lɛu53>55sui31,leu4 sui3 ,OK,
1475_Hakka_1,"1,475",飛機,Plane,Hakka_1,飛機,fui13ki13,fui1 gi1 ,OK,
1476_Hakka_1,"1,476",乘客,Passenger,Hakka_1,搭客,tap31hak31,dap5 hak5 ,OK,
1477_Hakka_1,"1,477",路費,Expenses of travelling,Hakka_1,水腳,sui31kiɔk31,sui3 giok5 ,OK,
1478_Hakka_1,"1,478",車票,Ticket,Hakka_1,車飛,tsʰa13fui13,ca1 fui1 ,OK,
1479_Hakka_1,"1,479",搭車,By bus,Hakka_1,搭車,tap31tsʰa13,dap5 ca1 ,OK,
1480_Hakka_1,"1,480",誤(車),Miss the bus,Hakka_1,宕,tʰɔŋ53,tong4 ,OK,
1481_Hakka_1,"1,481",暈車,Car-sick,Hakka_1,暈車,vin11tsʰa13,vin2 ca1 ,OK,
1482_Hakka_1,"1,482",座位,Seat,Hakka_1,座位,tsʰɔ53vui53,co4 vui4 ,OK,
1483_Hakka_1,"1,483",司機,Driver,Hakka_1,司機,su13ki13,su1 gi1 ,OK,
1484_Hakka_1,"1,484",開車,Drive,Hakka_1,開車,hɔi13tsʰa13,hoi1 ca1 ,OK,
1484_Hakka_2,"1,484",開車,Drive,Hakka_2,揸車,tsa13tsʰa33,za1 ca33,有問題,ca33
1485_Hakka_1,"1,485",抬(頭),Raise (one’s head),Hakka_1,擔起,tam13>35hi31,dam1 hi3 ,OK,
1486_Hakka_1,"1,486",低(頭),Bow,Hakka_1,墜低頭,tsʰui53tai13tʰɛu53,cui4 dai1 teu4 ,有問題,teu3
1487_Hakka_1,"1,487",點(頭),Nod,Hakka_1,頷,ŋam31,ngam3 ,OK,
1488_Hakka_1,"1,488",搖(頭),Shake one’s head,Hakka_1,揈,vin53,vin4 ,OK,
1489_Hakka_1,"1,489",偏(頭),Slant (the head),Hakka_1,側,tsɛt31,zet5 ,OK,
1490_Hakka_1,"1,490",仰(頭),Raise up (head),Hakka_1,仰,ŋɔŋ13,ngong1 ,OK,
1491_Hakka_1,"1,491",回(頭),Turn backward,Hakka_1,扭轉,ȵiu53>55tsɔn31,ngiu4 zon3 ,OK,
1492_Hakka_1,"1,492",睜(眼),Open the eyes,Hakka_1,擘,mak31,mak5 ,OK,
1493_Hakka_1,"1,493",閉(眼),Close the eyes,Hakka_1,霎眯,sap31mi13,sap5 mi1 ,OK,
1494_Hakka_1,"1,494",瞪(眼),Glare,Hakka_1,瞪大眼,tsɛn53tʰai53>55ŋan31,zen4 tai4 ngan3 ,OK,
1495_Hakka_1,"1,495",眨(眼),Blink,Hakka_1,囁,ȵiap31,ngiap5 ,OK,
1496_Hakka_1,"1,496",瞥(一眼),Glance,Hakka_1,瞄,miau11,miau2 ,OK,
1497_Hakka_1,"1,497",(從門縫)看,peeking fromacrack,Hakka_1,䁓,tsɔŋ13,zong1 ,OK,
1498_Hakka_1,"1,498",看(書),Read,Hakka_1,看,kʰɔn53,kon4 ,OK,
1499_Hakka_1,"1,499",看守(東西),Keep an eye on something,Hakka_1,掌,tsɔŋ31,zong3 ,OK,
1500_Hakka_1,"1,500",聽,Listen,Hakka_1,聽,tʰaŋ53,tang4 ,OK,
1501_Hakka_1,"1,501",皺(眉頭),Frown,Hakka_1,皺,tsiu53,ziu4 ,OK,
1502_Hakka_1,"1,502",聞(用鼻嗅),Smell,Hakka_1,鼻,pʰi53,pi4 ,OK,
1503_Hakka_1,"1,503",嘗,Taste,Hakka_1,嘗,sɔŋ11,song2 ,OK,
1504_Hakka_1,"1,504",張(嘴),Open (the mouth),Hakka_1,擘,mak31,mak5 ,OK,
1505_Hakka_1,"1,505",噘(嘴),pout,Hakka_1,嘟,lu31,lu3 ,OK,
1506_Hakka_1,"1,506",抿(嘴),Close the mouth tightly,Hakka_1,眯,mi53,mi4 ,OK,
1507_Hakka_1,"1,507",親嘴,Kiss,Hakka_1,斟嘴,tsim13tsɔi53,zim1 zoi4 ,OK,
1508_Hakka_1,"1,508",嚼,Chew,Hakka_1,嚼,tsʰiau53,ciau4 ,OK,
1509_Hakka_1,"1,509",咬,Bite,Hakka_1,咬,ŋau13,ngau1 ,OK,
1510_Hakka_1,"1,510",吞,Swallow,Hakka_1,吞,tʰun13,tun1 ,OK,
1511_Hakka_1,"1,511",吃,Eat,Hakka_1,食,sit53,sit6 ,OK,
1512_Hakka_1,"1,512",喝,Drink,Hakka_1,食,sit53,sit6 ,OK,
1513_Hakka_1,"1,513",吸(奶),Suck,Hakka_1,啜,tsɔt53,zot6 ,OK,
1514_Hakka_1,"1,514",吸(氣),Take a breath (inhale),Hakka_1,吸,kʰip31,kip5 ,OK,
1515_Hakka_1,"1,515",舔(盤子),Lick,Hakka_1,舐,sɛ13,se1 ,OK,
1516_Hakka_1,"1,516",啃(骨頭),Gnaw,Hakka_1,咬,ŋau13,ngau1 ,OK,
1517_Hakka_1,"1,517",吐(痰),Spit,Hakka_1,吐,tʰu53,tu4 ,OK,
1518_Hakka_1,"1,518",含(在嘴裏),Hold in mouth,Hakka_1,含,ham11,ham2 ,OK,
1519_Hakka_1,"1,519",銜(在嘴上),Hold in teeth,Hakka_1,銜,ham11,ham2 ,OK,
1520_Hakka_1,"1,520",噴(飯),"Spray, spout",Hakka_1,噴,pʰun53,pun4 ,OK,
1521_Hakka_1,"1,521",吹(氣),Blow,Hakka_1,歕,pʰun11,pun2 ,OK,
1522_Hakka_1,"1,522",哭,Cry,Hakka_1,叫,kiau53,giau4 ,OK,
1523_Hakka_1,"1,523",笑,Smile,Hakka_1,笑,siau53,siau4 ,OK,
1524_Hakka_1,"1,524",拿,Hold,Hakka_1,拿,la13,la1 ,OK,
1525_Hakka_1,"1,525",擰(毛巾),Wring,Hakka_1,扭,ȵiu31,ngiu3 ,唔肯定,上/去聲 variant?
1526_Hakka_1,"1,526",擰(蓋子),Screw,Hakka_1,扭,ȵiu53,ngiu4 ,唔肯定,上/去聲 variant? (錄音聽落唔肯定 ȵ...ȵiu53 )
1527_Hakka_1,"1,527",拉(衣角),Pull (the garment horn),Hakka_1,拉,lai13,lai1 ,OK,
1528_Hakka_1,"1,528",拉(車),Pull (the car),Hakka_1,拉,lai13,lai1 ,OK,
1529_Hakka_1,"1,529",拉(繩子),Pull(the string),Hakka_1,牽,kʰiɛn13,kien1 ,OK,
1530_Hakka_1,"1,530",扽(兩端同時用力猛一拉),Yank (hold the two ends and pull tightly),Hakka_1,扯,tsʰa31,ca3 ,OK,
1531_Hakka_1,"1,531",舉(手),Put up (hands),Hakka_1,舉,ki31,gi3 ,OK,
1532_Hakka_1,"1,532",舉(物),Lift (objects),Hakka_1,擎,kʰia11,kia2 ,OK,
1533_Hakka_1,"1,533",拾取,Pick up,Hakka_1,撿,kiam31,giam3 ,OK,
1534_Hakka_1,"1,534",提(水),Carry (water),Hakka_1,抽,tsʰiu13,ciu1 ,OK,
1535_Hakka_1,"1,535",打撈,Salvage,Hakka_1,撈,lak31,lak5 ,OK,
1536_Hakka_1,"1,536",劃(火柴),Strike a match,Hakka_1,刻,kʰat53,kat6 ,OK,
1537_Hakka_1,"1,537",放(下),Put down,Hakka_1,放,fɔŋ53,fong4 ,OK,
1538_Hakka_1,"1,538",按(圖釘),Press (the thumbtack),Hakka_1,撳,kʰim53,kim4 ,OK,
1539_Hakka_1,"1,539",推,Push,Hakka_1,㩳,tʰui13,tui1 ,OK,
1540_Hakka_1,"1,540",(用虎口)掐,Pinch something with both hands,Hakka_1,夾,kʰiap53,kiap6 ,OK,
1541_Hakka_1,"1,541",(用指甲)掐,Pinch (with nail),Hakka_1,浸,kʰim53,kim4 ,OK,
1542_Hakka_1,"1,542",抱(樹),Hug (a tree),Hakka_1,攬,lam31,lam3 ,OK,
1543_Hakka_1,"1,543",抱(小孩),Carry (the child),Hakka_1,攬,lam31,lam3 ,OK,
1544_Hakka_1,"1,544",搊(起來)(兩手向上用力托),Lift something up with both hands,Hakka_1,掇,tɔt31,dot5 ,OK,
1545_Hakka_1,"1,545",爬(樹),Climb,Hakka_1,爬,pʰa11,pa2 ,OK,
1546_Hakka_1,"1,546",(在地上)爬,Crawl,Hakka_1,爬小孩,pʰa11,pa2 ,有問題,character =/= ROM
1546_Hakka_2,"1,546",(在地上)爬,Crawl,Hakka_2,蜒蛇蟲,jɛn11,yen2 ,有問題,character =/= ROM
1547_Hakka_1,"1,547",撕,Tear,Hakka_1,撕,su13,su1 ,OK,
1548_Hakka_1,"1,548",捏,Pinch (with fingers),Hakka_1,撚,ȵiɛn31,ngien3 ,OK,
1549_Hakka_1,"1,549",抓(一把米),Grab,Hakka_1,扡,ja31,ya3 ,OK,
1550_Hakka_1,"1,550",握(鋤頭),Hold,Hakka_1,捉,tsuk31,zuk5 ,OK,
1551_Hakka_1,"1,551",拔(雞毛),Pluck (the feathers),Hakka_1,撏,tsʰiam11,ciam2 ,OK,
1552_Hakka_1,"1,552",拔(胡須),Pluck (the beard),Hakka_1,掹,paŋ13,bang1 ,OK,
1553_Hakka_1,"1,553",拔(草),Pull (grass) out,Hakka_1,扯,tsʰa31,ca3 ,OK,
1554_Hakka_1,"1,554",夠(用手努力伸取),To reach,Hakka_1,探,tʰam13,tam1 ,OK,
1555_Hakka_1,"1,555",摘,Pick,Hakka_1,摘,tsak31,zak5 ,OK,
1556_Hakka_1,"1,556",折(斷),Snap (break something in two),Hakka_1,拗,au31,au3 ,OK,
1557_Hakka_1,"1,557",(把鐵絲)弄(直),Straighten,Hakka_1,拗,au31,au3 ,OK,
1558_Hakka_1,"1,558",掏(口袋),Draw out (from pocket),Hakka_1,扲,lɛm11,lem2 ,OK,
1559_Hakka_1,"1,559",剝(桔子),Peel an orange,Hakka_1,擘,mak31,mak5 ,OK,
1560_Hakka_1,"1,560",掰(開),To break apart with both hands,Hakka_1,擘,mak31,mak5 ,OK,
1561_Hakka_1,"1,561",搖(桌子),Shake (the table),Hakka_1,搖,jau11,yau2 ,OK,
1562_Hakka_1,"1,562",塞(塞子),Plug(v.),Hakka_1,卒,tsut31,zut5 ,OK,
1563_Hakka_1,"1,563",摸,Touch,Hakka_1,摸,mɔ13,mo1 ,OK,
1564_Hakka_1,"1,564",挑選,Pick out,Hakka_1,揀,kan31,gan3 ,OK,
1565_Hakka_1,"1,565",掖(進去),Squeeze,Hakka_1,攝,ȵiap31,ngiap5 ,OK,
1566_Hakka_1,"1,566",揉(傷處),Knead (the wound),Hakka_1,捽,tsut53,zut6 ,OK,
1567_Hakka_1,"1,567",揉(面),Knead (the dough),Hakka_1,捽,tsut53,zut6 ,OK,
1568_Hakka_1,"1,568",拍(桌子),Pat(on the table),Hakka_1,拍,pʰak31,pak5 ,OK,
1569_Hakka_1,"1,569",摔(東西),Throw (things because of anger),Hakka_1,橫,vaŋ53,vang4 ,OK,
1570_Hakka_1,"1,570",丟失了,Lose,Hakka_1,跌,tiɛt31,diet5 ,OK,
1571_Hakka_1,"1,571",丟棄,Abandon,Hakka_1,拂,fit31,fit5 ,OK,
1572_Hakka_1,"1,572",甩(乾衣服),Whirl and dry (the clothes),Hakka_1,揈,vin53,vin4 ,OK,
1573_Hakka_1,"1,573",擲(石頭),Throw (the stone to a target),Hakka_1,拂,fit31,fit5 ,OK,
1573_Hakka_2,"1,573",擲(石頭),Throw (the stone to a target),Hakka_2,掟,taŋ13,dang1 ,OK,
1574_Hakka_1,"1,574",張(開手),Open (the arms),Hakka_1,強,kʰiɔŋ13,kiong1 ,OK,
1575_Hakka_1,"1,575",撓(癢),Scrach,Hakka_1,扡,ja31,ya3 ,OK,
1576_Hakka_1,"1,576",摟(柴火),Carry with both arms,Hakka_1,攬,lam31,lam3 ,OK,
1577_Hakka_1,"1,577",(用手)托(住),Support something in one’s palm,Hakka_1,托,tʰɔk31,tok5 ,OK,
1578_Hakka_1,"1,578",端(碗),Carry (the bowl),Hakka_1,捧,puŋ31,bung3 ,OK,
1579_Hakka_1,"1,579",捂(住),Cover something with hands,Hakka_1,揞,ɛm13,em1 ,OK,
1580_Hakka_1,"1,580",藏(物),Hide,Hakka_1,屏,piaŋ53,biang4 ,OK,
1581_Hakka_1,"1,581",埋(起來),Bury (something) up,Hakka_1,壅,vuŋ13,vung1 ,OK,
1582_Hakka_1,"1,582",敲(門),Knock (the door),Hakka_1,拍,pʰɔk31,pok5 ,OK,
1583_Hakka_1,"1,583",扣(上門),Bolt (the door),Hakka_1,搭,tap31,dap5 ,OK,
1584_Hakka_1,"1,584",搧(耳光),Smack,Hakka_1,拌,pʰan13,pan1 ,OK,
1585_Hakka_1,"1,585",繫(鞋帶 皮帶),"Tieor fasten(the shoe string, belt)",Hakka_1,綁(鞋帶),pɔŋ31,bong3 ,OK,
1585_Hakka_2,"1,585",繫(鞋帶 皮帶),"Tieor fasten(the shoe string, belt)",Hakka_2,繫(皮帶),kai13,gai1 ,OK,
1586_Hakka_1,"1,586",擦(汗),Wipe the sweat,Hakka_1,捽,tsut53,zut6 ,OK,
1587_Hakka_1,"1,587",擦(去錯字),Erase (the wrong characters),Hakka_1,擦,tsʰat31,cat5 ,OK,
1588_Hakka_1,"1,588",戽(水),To bail out the water,Hakka_1,戽,fu53,fu4 ,OK,
1589_Hakka_1,"1,589",(用肩膀)頂,Lift something up with shoulder,Hakka_1,托,tʰɔk31,tok5 ,OK,
1590_Hakka_1,"1,590",(用石頭)砸,To smash with stone,Hakka_1,耷,tɛp53,dep6 ,OK,
1591_Hakka_1,"1,591",(用鞭子)抽,To Whip,Hakka_1,拂,fit53,fit6 ,OK,
1592_Hakka_1,"1,592",(用木杠)頂(門),Support the door withapole,Hakka_1,頂,tin31,din3 ,OK,
1593_Hakka_1,"1,593",裹(嚴實？),Wrap around tightly,Hakka_1,裹,kɔ31,go3 ,OK,
1594_Hakka_1,"1,594",(把碗)摞(起來放),Pile up,Hakka_1,層,tsʰɛn53,cen4 ,OK,
1595_Hakka_1,"1,595",套(被子),Cover the quilt,Hakka_1,筒,tʰuŋ11,tung2 ,OK,
1596_Hakka_1,"1,596",刮(豬毛),Scrape (the hair of pig or other animal),Hakka_1,刮,kat31,gat5 ,OK,
1597_Hakka_1,"1,597",砍(樹),Cut (the tree),Hakka_1,倒,tsam31,zam3 ,唔肯定,訓讀？
1598_Hakka_1,"1,598",揩刀(使刀利),Make aknifesharper,Hakka_1,幫,pɔŋ13,bong1 ,OK,
1599_Hakka_1,"1,599",掏(耳朵),Pick(the ears),Hakka_1,扒,pʰa11,pa2 ,OK,
1599_Hakka_2,"1,599",掏(耳朵),Pick(the ears),Hakka_2,撩,liau13,liau1 ,OK,
1600_Hakka_1,"1,600",刻(圖章),Carve (a stamp),Hakka_1,挑,tʰiau13,tiau1 ,OK,
1601_Hakka_1,"1,601",(用針)紮,Prick (with needle),Hakka_1,厾,tuk31,duk5 ,OK,
1602_Hakka_1,"1,602",劈削(樹枝),Chop (branches from the tree),Hakka_1,削,siɔk31,siok5 ,OK,
1603_Hakka_1,"1,603",綑(柴火),Bundle (firewood) together,Hakka_1,綁,pɔŋ31,bong3 ,OK,
1604_Hakka_1,"1,604",綁(口袋),Tie the bags up,Hakka_1,綯,tʰau11,tau2 ,OK,
1604_Hakka_2,"1,604",綁(口袋),Tie the bags up,Hakka_2,綁,pɔŋ31,bong3 ,OK,
1605_Hakka_1,"1,605",抓(人),Grasp,Hakka_1,捉,tsuk31,zuk5 ,OK,
1606_Hakka_1,"1,606",綁(人),To bind someone,Hakka_1,綁,pɔŋ31,bong3 ,OK,
1607_Hakka_1,"1,607",濾,Filtrate,Hakka_1,隔渣,kak31tsa13,gak5 za1 ,OK,
1608_Hakka_1,"1,608",潷(湯),Drain something from water,Hakka_1,泌,pi53,bi4 ,OK,
1609_Hakka_1,"1,609",攪拌,Stir,Hakka_1,攪,kau31,gau3 ,OK,
1610_Hakka_1,"1,610",拌(飯),Mix and stir,Hakka_1,淘,tʰau11,tau2 ,OK,
1611_Hakka_1,"1,611",墊(高些),Put something underneathto raise it up,Hakka_1,墊,siap31,siap5 ,OK,
1612_Hakka_1,"1,612",撣(灰),Whisk (the dust),Hakka_1,拍,pʰɔk31,pok5 ,OK,
1613_Hakka_1,"1,613",甩(乾水),toss to get rid of the water,Hakka_1,揈,vin53,vin4 ,OK,
1614_Hakka_1,"1,614",(用水)沖洗,Wash,Hakka_1,沖,tsʰuŋ13,cung1 ,OK,
1615_Hakka_1,"1,615",(往下)傾倒,Pour,Hakka_1,順,sun53,sun4 ,OK,
1616_Hakka_1,"1,616",(亂)翻,Rummage,Hakka_1,抄,tsʰau53,cau4 ,OK,
1617_Hakka_1,"1,617",(用棍子)桶,To poke (with stick),Hakka_1,樋,tuŋ31,dung3 ,OK,
1618_Hakka_1,"1,618",挑(上聲),To pick up with one end of a stick,Hakka_1,撩,tʰiau13,tiau1 ,OK,
1619_Hakka_1,"1,619",招(手),Wave hand,Hakka_1,掖,jap53,yap6 ,OK,
1620_Hakka_1,"1,620",搓(繩子),To twist (a rope),Hakka_1,捼,lɔ11,lo2 ,OK,
1621_Hakka_1,"1,621",(用雙手)捧,Hold with both palms,Hakka_1,捧,puŋ31,bung3 ,OK,
1622_Hakka_1,"1,622",(用石頭)壓(著),To keep something under,Hakka_1,磧,tsak31,zak5 ,OK,
1623_Hakka_1,"1,623",豎(起來),Set upright,Hakka_1,豎,su53,su4 ,OK,
1624_Hakka_1,"1,624",蓋(蓋子),To cover up,Hakka_1,冚,kʰiɛm11,kiem2 ,OK,
1625_Hakka_1,"1,625",(用手指)摳,To dig with fingers,Hakka_1,扣,kʰɛu53,keu4 ,OK,
1625_Hakka_2,"1,625",(用手指)摳,To dig with fingers,Hakka_2,挖,vɛt31,vet5 ,OK,
1626_Hakka_1,"1,626",捋(袖子),Stroke (the sleeves),Hakka_1,捋,lɔt53,lot6 ,OK,
1627_Hakka_1,"1,627",挽(袖子),Roll (the sleeves),Hakka_1,攝,ȵiap53,ngiap6 ,OK,
1628_Hakka_1,"1,628",撮(一小撮),Picksome sugar or salt upwith two or three fingers,Hakka_1,執,tsɛp31,zep5 ,OK,
1629_Hakka_1,"1,629",舀(水),Bail (ladle water out),Hakka_1,舀,jau31,yau3 ,OK,
1630_Hakka_1,"1,630",側(一些),Lean a little （,Hakka_1,側,tsɛt31,zet5 ,OK,
1631_Hakka_1,"1,631",搬(東西),Move,Hakka_1,搬,pan13,ban1 ,OK,
1632_Hakka_1,"1,632",站立,Stand,Hakka_1,徛,kʰi13,ki1 ,OK,
1633_Hakka_1,"1,633",踮(腳),Tiptoe,Hakka_1,蹬,tiam53,diam4 ,OK,
1634_Hakka_1,"1,634",蹲,Squat,Hakka_1,踞,kʰiu11,kiu2 ,OK,
1635_Hakka_1,"1,635",踩,Trample,Hakka_1,踩,tsʰai31,cai3 ,OK,
1636_Hakka_1,"1,636",踢,Kick,Hakka_1,踢,tʰiak31,tiak5 ,OK,
1637_Hakka_1,"1,637",走,Walk,Hakka_1,行,haŋ11,hang2 ,OK,
1638_Hakka_1,"1,638",跑,Run,Hakka_1,走,tsɛu31,zeu3 ,OK,
1639_Hakka_1,"1,639",跨,Stride over,Hakka_1,吖,ap53,ap6 ,OK,
1640_Hakka_1,"1,640",跳,Jump,Hakka_1,跳,tʰiau53,tiau4 ,OK,
1641_Hakka_1,"1,641",趴(在桌上),Lay the head on the table,Hakka_1,覆,pʰuk31,puk5 ,OK,
1642_Hakka_1,"1,642",跺,Stamp one’s feet,Hakka_1,抌,tɛm31,dem3 ,OK,
1643_Hakka_1,"1,643",(小孩)踢(被子),(child) kick away the quilt (during sleeping),Hakka_1,抌,tɛm31,dem3 ,OK,
1644_Hakka_1,"1,644",(臟腳亂)踩,Tread,Hakka_1,踩,tsʰai31,cai3 ,OK,
1645_Hakka_1,"1,645",叉(開腿),Straddle,Hakka_1,擘,mak31,mak5 ,OK,
1646_Hakka_1,"1,646",(被)絆(倒),Stumble,Hakka_1,徑,kaŋ53,gang4 ,OK,
1647_Hakka_1,"1,647",跌跤,Fall down,Hakka_1,跌倒,tɛt31tau31,det5 dau3 ,OK,
1648_Hakka_1,"1,648",上來,Come up,Hakka_1,上來,sɔŋ13lɔi11,song1 loi2 ,OK,
1649_Hakka_1,"1,649",下去,Go down,Hakka_1,下去,ha13hi53,ha1 hi4 ,OK,
1650_Hakka_1,"1,650",追,Chase,Hakka_1,逐,tiak31,diak5 ,OK,
1651_Hakka_1,"1,651",攔(住),Stop somebody,Hakka_1,攔,lan11,lan2 ,OK,
1652_Hakka_1,"1,652",背(小孩),Carry (the child) on back,Hakka_1,孭,pa11,ba2 ,OK,
1653_Hakka_1,"1,653",(單人)扛(箱子),Carry (the box on back),Hakka_1,托,tʰɔk31,tok5 ,OK,
1654_Hakka_1,"1,654",抬,Carry something with others,Hakka_1,抬,tʰɔi11,toi2 ,OK,
1655_Hakka_1,"1,655",挑,To shoulder (withashoulder pole),Hakka_1,㧡,kʰai13,kai1 ,OK,
1656_Hakka_1,"1,656",倚(在墻上),Lean (along the wall),Hakka_1,憑,pʰɛn53,pen4 ,OK,
1657_Hakka_1,"1,657",靠(右邊走),Walk along (the right side ),Hakka_1,嗻,tsak31,zak5 ,OK,
1658_Hakka_1,"1,658",尋找,Look for,Hakka_1,尋,tsʰim11,cim2 ,OK,
1659_Hakka_1,"1,659",遺失,Lose,Hakka_1,跌,tiɛt31,diet5 ,OK,
1660_Hakka_1,"1,660",(往下)滑,Slide down,Hakka_1,溜,liu13,liu1 ,OK,
1661_Hakka_1,"1,661",掉(下來),Fall down,Hakka_1,跌,tiɛt31,diet5 ,OK,
1662_Hakka_1,"1,662",濺(了一身),Spatter (splash),Hakka_1,射,sa53,sa4 ,OK,
1663_Hakka_1,"1,663",(牛貼在樹上)蹭(癢),(Cattle)scrapeitsbody against the tree,Hakka_1,磨,mɔ53,mo4 ,OK,
1664_Hakka_1,"1,664",擠(過去),Squeeze oneself through the crowd,Hakka_1,櫼,tsiam13,ziam1 ,OK,
1665_Hakka_1,"1,665",浮(起來),Float,Hakka_1,浮,fɛu11,feu2 ,OK,
1666_Hakka_1,"1,666",墜(下來),Drop down,Hakka_1,墜,tiɛt31,diet5 ,OK,
1667_Hakka_1,"1,667",翹(起來),Stick up,Hakka_1,翹,hiau53,hiau4 ,OK,
1668_Hakka_1,"1,668",淹死(了),Drown,Hakka_1,浸死,tsim53si31,zim4 si3 ,OK,
1669_Hakka_1,"1,669",(別)遮(住我),Cover one’s sight,Hakka_1,擋,tɔŋ31,dong3 ,OK,
1670_Hakka_1,"1,670",繞(道),Bypass,Hakka_1,繞,van13,van1 ,OK,
1671_Hakka_1,"1,671",轉(圈),Whirl in circle,Hakka_1,丁,tin13,din1 ,OK,
1672_Hakka_1,"1,672",搬(來搬去),Move here and there,Hakka_1,搬,pʰan13,pan1 ,OK,
1673_Hakka_1,"1,673",經受(不住),(cannot) endure,Hakka_1,頂,tin31,din3 ,OK,
1674_Hakka_1,"1,674",混(在一起),Mix,Hakka_1,撈,lau13,lau1 ,OK,
1675_Hakka_1,"1,675",(被車)軋(了),Rolled over (by car),Hakka_1,研,ŋan11,ngan2 ,OK,
1676_Hakka_1,"1,676",(用藥)毒(魚),Poison (v.),Hakka_1,毒,tʰɛu53,teu4 ,OK,
1677_Hakka_1,"1,677",調換,Exchange,Hakka_1,交,kau53,gau4 ,OK,
1678_Hakka_1,"1,678",輪流,In turn,Hakka_1,輪流,lun11liu11,lun2 liu2 ,OK,
1679_Hakka_1,"1,679",躲藏,Hide up,Hakka_1,屏,piaŋ53,biang4 ,OK,
1680_Hakka_1,"1,680",假裝(不懂),Pretend,Hakka_1,詐,tsa53,za4 ,OK,
1681_Hakka_1,"1,681",嬌慣,Spoiled,Hakka_1,縱壞,tsuŋ31fai53,zung3 fai4 ,OK,
1682_Hakka_1,"1,682",(煙)薰(了眼),Fumed (by smoke),Hakka_1,薰,hiun13,hiun1 ,OK,
1683_Hakka_1,"1,683",(水)滄(了鼻子),Choked by water,Hakka_1,濁,tsʰuk53,cuk6 ,OK,
1684_Hakka_1,"1,684",(飯)滄(了氣管),Choked by ricein the throat,Hakka_1,濁,kaŋ31,gang3 ,OK,
1685_Hakka_1,"1,685",凹(下去),Sink in,Hakka_1,凹,ȵiap31,ngiap5 ,OK,
1686_Hakka_1,"1,686",凸(出來),Protrude out,Hakka_1,凸,tʰut53,tut6 ,OK,
1687_Hakka_1,"1,687",知道,Know,Hakka_1,知,ti13,di1 ,OK,
1688_Hakka_1,"1,688",懂(了),"Understand, know (a skill)",Hakka_1,曉,hiau31,hiau3 ,OK,
1688_Hakka_2,"1,688",懂(了),"Understand, know (a skill)",Hakka_2,識,sit31,sit5 ,OK,
1689_Hakka_1,"1,689",認識,Know (someone),Hakka_1,識,sit31,sit5 ,OK,
1690_Hakka_1,"1,690",以為,Deem,Hakka_1,撈過,ji13>35vui11,yi1 vui2 ,有問題,以為 character =/= IPA & ROM
1691_Hakka_1,"1,691",覺得,Feel,Hakka_1,覺得,kɔk31tɛt31,gok5 det5 ,OK,
1692_Hakka_1,"1,692",估計,Estimate,Hakka_1,估,ku31,gu3 ,OK,
1693_Hakka_1,"1,693",牽掛,Miss somebody,Hakka_1,記掛,ki53ka53,gi4 ga4 ,OK,
1694_Hakka_1,"1,694",擔心,Worry about somebody,Hakka_1,愁,sɛu11,seu2 ,OK,
1695_Hakka_1,"1,695",生氣,Be angry,Hakka_1,OK,fat31fɔ31,fat5 fo3 ,OK,
1696_Hakka_1,"1,696",委屈,Be wronged,Hakka_1,冤枉,jɛn13>35vɔŋ31,yen1 vong3 ,OK,
1697_Hakka_1,"1,697",害怕,Be afraid,Hakka_1,惶,kʰɔŋ11,kong2 ,OK,
1698_Hakka_1,"1,698",小心,Be careful,Hakka_1,小心,siau31sim13,siau3 sim1 ,OK,
1699_Hakka_1,"1,699",提防,Guard against,Hakka_1,惶到,fɔŋ11pʰi53,fong2 pi4 ,有問題,防提 character =/= IPA & ROM
1700_Hakka_1,"1,700",回憶,Recall,Hakka_1,想起,siɔŋ31hi31,siong3 hi3 ,OK,
1701_Hakka_1,"1,701",(甘心)情願,Be willing to,Hakka_1,甘願,kam13ȵiɛn53,gam1 ngien4 ,OK,
1702_Hakka_1,"1,702",喜歡(看戲),Like,Hakka_1,中意,tsuŋ13ji53,zung1 yi4 ,OK,
1703_Hakka_1,"1,703",討厭,Hate,Hakka_1,惱,lau13,lau1 ,OK,
1704_Hakka_1,"1,704",妒忌,Be jealous,Hakka_1,眼紅,ŋan31fuŋ11,ngan3 fung2 ,OK,
1704_Hakka_2,"1,704",妒忌,Be jealous,Hakka_2,眼熱,ŋaŋ31ȵiɛt11,ngang3 ngiet2 ,OK,
1705_Hakka_1,"1,705",疼愛(孫子),Love,Hakka_1,惜,siak31,siak5 ,OK,
1706_Hakka_1,"1,706",惱火,Infuriate,Hakka_1,發火,fat31fɔ31,fat5 fo3 ,OK,
1707_Hakka_1,"1,707",慌張,"In a flurry, panic",Hakka_1,惶,kʰɔŋ11,kong2 ,OK,
1708_Hakka_1,"1,708",心煩,Anxious,Hakka_1,煩,fan11,fan2 ,OK,
1709_Hakka_1,"1,709",得意,Complacent,Hakka_1,興,hin31,hin3 ,OK,
1710_Hakka_1,"1,710",忘(了),Forget,Hakka_1,添忘,tʰiam13mɔŋ53,tiam1 mong4 ,OK,
1711_Hakka_1,"1,711",埋怨,"Complain, blame",Hakka_1,怨,jɛn53,yen4 ,OK,
1712_Hakka_1,"1,712",相信,Believe,Hakka_1,信,sin53,sin4 ,OK,
1713_Hakka_1,"1,713",懷疑,Doubt,Hakka_1,懷疑,ȵi11sim13,ngi2 sim1 ,有問題,疑心 character =/= IPA & ROM
1714_Hakka_1,"1,714",嫌棄,Dislike and avoid,Hakka_1,嫌,hiam11,hiam2 ,OK,
1715_Hakka_1,"1,715",安慰,To comfort,Hakka_1,勸,kʰiɛn53,kien4 ,OK,
1716_Hakka_1,"1,716",傷心,Sad,Hakka_1,傷心,sɔŋ13sim13,song1 sim1 ,OK,
1717_Hakka_1,"1,717",高興,Be happy,Hakka_1,興,hin31,hin3 ,OK,
1718_Hakka_1,"1,718",心疼(東西),Cherish something,Hakka_1,唔捨得,m̩13>35sa31tɛt31,m1 sa3 det5 ,OK,
1719_Hakka_1,"1,719",清靜,Quiet,Hakka_1,靜,tsʰin53,cin4 ,OK,
1720_Hakka_1,"1,720",陰涼,Shady,Hakka_1,陰涼,jim13>35liɔŋ11,yim1 liong2 ,OK,
1721_Hakka_1,"1,721",輕鬆,Relaxed,Hakka_1,輕鬆,kʰiaŋ13suŋ13,kiang1 sung1 ,OK,
1722_Hakka_1,"1,722",累,Be tired,Hakka_1,攰,kʰiɔi53,kioi4 ,OK,
1723_Hakka_1,"1,723",(光線)刺眼,Dazzled by sunshine,Hakka_1,射眼,sa53>55ŋan31,sa4 ngan3 ,OK,
1724_Hakka_1,"1,724",(氣味)刺鼻,Pungent,Hakka_1,濁鼻,kuk53pʰi53,guk6 pi4 ,OK,
1725_Hakka_1,"1,725",(聲音)刺耳,Strident,Hakka_1,振耳,tsin31ȵi31,zin3 ngi3 ,OK,
1726_Hakka_1,"1,726",(鞋子覺著)緊,(the shoes are) small,Hakka_1,恒,hɛn11,hen2 ,OK,
1727_Hakka_1,"1,727",(衣服覺著)緊,(clothes)tight,Hakka_1,狹,kʰiap53,kiap6 ,OK,
1728_Hakka_1,"1,728",(肚子覺著)痛,Painful,Hakka_1,痛,tʰuŋ53,tung4 ,OK,
1729_Hakka_1,"1,729",(開水覺著)燙,Hot,Hakka_1,燒,sau13,sau1 ,OK,
1730_Hakka_1,"1,730",(肥肉覺著)膩,Grease,Hakka_1,膩,li53,li4 ,OK,
1731_Hakka_1,"1,731",(身上覺著)癢,Itchy,Hakka_1,痎,hɔi11,hoi2 ,OK,
1732_Hakka_1,"1,732",(屋裏覺著)悶,Studdy Stiffling hot,Hakka_1,焗,kuk53,guk6 ,OK,
1733_Hakka_1,"1,733",(坐車覺著)顛,Bumpy,Hakka_1,拋,pʰau13,pau1 ,OK,
1734_Hakka_1,"1,734",(凳子覺著)冰,Cold,Hakka_1,冷,laŋ13,lang1 ,OK,
1735_Hakka_1,"1,735",(毛衣覺著)紮,(the sweater is) bristly,Hakka_1,厾,tuk31,duk5 ,OK,
1736_Hakka_1,"1,736",(沙子)硌腳,(the sands) cut the feet,Hakka_1,埂,jin53,yin4 ,OK,
1737_Hakka_1,"1,737",殺(碘酒抹在傷口上時的刺痛感),Smart (seriously painful),Hakka_1,刺,jap31,yap5 ,OK,
1738_Hakka_1,"1,738",長(繩),Long,Hakka_1,長,tsʰɔŋ11,cong2 ,OK,
1739_Hakka_1,"1,739",短(繩),Short,Hakka_1,短,tɔn31,don3 ,OK,
1740_Hakka_1,"1,740",(屋簷)低,Low (eaves),Hakka_1,矮,ai31,ai3 ,OK,
1741_Hakka_1,"1,741",(路)寬,Wide,Hakka_1,闊,fat31,fat5 ,OK,
1742_Hakka_1,"1,742",(路)窄,Narrow,Hakka_1,狹,kʰiap53,kiap6 ,OK,
1743_Hakka_1,"1,743",(衣服)新,New,Hakka_1,新,sin13,sin1 ,OK,
1744_Hakka_1,"1,744",(衣服)破,Ragged (clothes),Hakka_1,爛,lan53,lan4 ,OK,
1745_Hakka_1,"1,745",(菜)辣,Spicy hot,Hakka_1,辣,lat53,lat6 ,OK,
1746_Hakka_1,"1,746",(南瓜很)面(纖維少，澱粉多柔軟),Sticky (too much starch in food),Hakka_1,面,miɛn53,mien4 ,OK,
1747_Hakka_1,"1,747",(湯)鹹,Salty,Hakka_1,鹹,ham11,ham2 ,OK,
1748_Hakka_1,"1,748",(柿子)澀,"Astringent, puckery",Hakka_1,澀,kiap31,giap5 ,OK,
1749_Hakka_1,"1,749",(味道)淡,"Light, no tasty",Hakka_1,淡,tʰam13,tam1 ,OK,
1750_Hakka_1,"1,750",(茶)濃,(tea) strong,Hakka_1,濃,ȵiuŋ11,ngiung2 ,OK,
1751_Hakka_1,"1,751",(茶)淡,(tea) mild,Hakka_1,淡,tʰam13,tam1 ,OK,
1752_Hakka_1,"1,752",(粥)稠,Thick and sticky,Hakka_1,稠,lɛu11,leu2 ,OK,
1753_Hakka_1,"1,753",(粥)稀,Watery,Hakka_1,鮮,siɛn13,sien1 ,OK,
1754_Hakka_1,"1,754",(眼睛)圓,(eyes)Round,Hakka_1,圓,jɛn11,yen2 ,OK,
1755_Hakka_1,"1,755",(鼻子)扁,(nose)plain,Hakka_1,扁,piɛn31,bien3 ,OK,
1756_Hakka_1,"1,756",(水)渾,(water)turbid,Hakka_1,渾,vun11,vun2 ,OK,
1757_Hakka_1,"1,757",(水)清,(water)clear,Hakka_1,鮮,siɛn13,sien1 ,OK,
1758_Hakka_1,"1,758",(房間)暗,(room)dark,Hakka_1,暗,am53,am4 ,OK,
1759_Hakka_1,"1,759",(手)大,(hand)big,Hakka_1,大,tʰai53,tai4 ,OK,
1760_Hakka_1,"1,760",(手)小,(hand)small,Hakka_1,細,sɛ53,se4 ,OK,
1761_Hakka_1,"1,761",(刀)鋒利,(knife)sharp,Hakka_1,快,kʰai13,kai1 ,OK,
1762_Hakka_1,"1,762",(魚)活,(fish)live,Hakka_1,生,saŋ13,sang1 ,OK,
1763_Hakka_1,"1,763",很笨,Stupid,Hakka_1,蠢,tsʰun31,cun3 ,OK,
1764_Hakka_1,"1,764",(飯)生,Unboilded(rice),Hakka_1,生,saŋ13,sang1 ,OK,
1765_Hakka_1,"1,765",(飯)熟,Boilded(rice),Hakka_1,過核,kɔ53fut53,go4 fut6 ,OK,
1766_Hakka_1,"1,766",(弄)亂(了),Disorder,Hakka_1,亂,lɔn53,lon4 ,OK,
1767_Hakka_1,"1,767",(放)穩,Make steady,Hakka_1,穩,vun31,vun3 ,OK,
1768_Hakka_1,"1,768",(貼)歪(了),Deflective,Hakka_1,爻,ŋau11,ngau2 ,OK,
1769_Hakka_1,"1,769",(栽)密(了),Thick(tree planting),Hakka_1,密,mit53,mit6 ,OK,
1770_Hakka_1,"1,770",(栽)稀(了),Thin(tree planting),Hakka_1,落,lau53,lau4 ,OK,
1771_Hakka_1,"1,771",(酒)厲害,(wineis)strong,Hakka_1,濃,ȵiuŋ11,ngiung2 ,OK,
1772_Hakka_1,"1,772",(花生)潮(了),(Peanut becomes) uncrisp,Hakka_1,轉潮,tsɔn31tsʰau11,zon3 cau2 ,OK,
1772_Hakka_2,"1,772",(花生)潮(了),(Peanut becomes) uncrisp,Hakka_2,轉潤,tsɔn31jun53,zon3 yun4 ,OK,
1773_Hakka_1,"1,773",(成績)差,(theresult ofstudy is)bad,Hakka_1,差,tsʰa13,ca1 ,OK,
1773_Hakka_2,"1,773",(成績)差,(theresult ofstudy is)bad,Hakka_2,唄,pia31,bia3 ,OK,
1774_Hakka_1,"1,774",(餅乾)脆,Crisp,Hakka_1,酥,su13,su1 ,OK,
1775_Hakka_1,"1,775",(坡)陡,Steep,Hakka_1,崎,kʰi13,ki1 ,OK,
1776_Hakka_1,"1,776",(籃子)結實,(the basketis) Solid,Hakka_1,主固,kiɛt31sit53,giet5 sit6 ,有問題,結實 character =/= IPA & ROM
1777_Hakka_1,"1,777",(人)強壯,(themanis)strong,Hakka_1,結實,kiɛt31sit53,giet5 sit6 ,OK,
1778_Hakka_1,"1,778",(車)歪(向一邊),(the car)lurch sideways,Hakka_1,側,tsɛt31,zet5 ,OK,
1779_Hakka_1,"1,779",(桌子)晃,(Table is)shaky,Hakka_1,搖,jau11,yau2 ,OK,
1780_Hakka_1,"1,780",(球)癟(了),(ball becomes)flat,Hakka_1,凹,ȵiap31,ngiap5 ,OK,
1781_Hakka_1,"1,781",(天氣)潮,Damp(weather),Hakka_1,回南,fui11lam11,fui2 lam2 ,OK,
1782_Hakka_1,"1,782",熱鬧,Crowded,Hakka_1,旺,vɔŋ53,vong4 ,OK,
1783_Hakka_1,"1,783",冷清,Calm and quiet (not crowded),Hakka_1,靜,tsʰin53,cin4 ,OK,
1784_Hakka_1,"1,784",乾淨,Clean,Hakka_1,伶俐,laŋ11li53,lang2 li4 ,OK,
1785_Hakka_1,"1,785",骯髒,Dirty,Hakka_1,漚漏,ɛu53lɛu53,eu4 leu4 ,OK,
1785_Hakka_2,"1,785",骯髒,Dirty,Hakka_2,累贅,lui53tsui53,lui4 zui4 ,OK,
1785_Hakka_3,"1,785",骯髒,Dirty,Hakka_3,啰嗦,lɔ53sɔ53,lo4 so4 ,唔肯定,Character  簡體？
1786_Hakka_1,"1,786",(事情很)麻煩,Complicated,Hakka_1,麻煩,ma11fan11,ma2 fan2 ,OK,
1786_Hakka_2,"1,786",(事情很)麻煩,Complicated,Hakka_2,難搞,lan11kau31,lan2 gau3 ,OK,
1787_Hakka_1,"1,787",容易,Easy simple,Hakka_1,快,kʰai53,kai4 ,OK,
1787_Hakka_2,"1,787",容易,Easy simple,Hakka_2,容易,juŋ11ji53,yung2 yi4 ,OK,
1788_Hakka_1,"1,788",(路)直,Straight,Hakka_1,直,tsʰit53,cit6 ,OK,
1789_Hakka_1,"1,789",* (路)~直,Very straight,Hakka_1,筆直,pit31tsit53,bit5 zit6 ,OK,
1790_Hakka_1,"1,790",(繩子)粗,Thick (rope),Hakka_1,粗,tsʰu13,cu1 ,OK,
1791_Hakka_1,"1,791",(繩子)~粗,Very thick,Hakka_1,好粗,hau31tsʰu13,hau3 cu1 ,OK,
1792_Hakka_1,"1,792",(繩子)細,thin(rope),Hakka_1,幼,jiu53,yiu4 ,OK,
1793_Hakka_1,"1,793",(繩子)很細,Extremely slender (string),Hakka_1,好幼,hau31jiu53,hau3 yiu4 ,OK,
1794_Hakka_1,"1,794",(籮裏穀子)滿,Full (a basket is filled with rice),Hakka_1,滿,mun13,mun1 ,OK,
1795_Hakka_1,"1,795",(籮裏穀子)~滿,Very full,Hakka_1,滿卒卒,man13>35tsut31tsut31,man1 zut5 zut5 ,OK,
1796_Hakka_1,"1,796",(書)厚,Thick (book),Hakka_1,笨,pʰun13,pun1 ,OK,
1797_Hakka_1,"1,797",(書)~厚,Very thick,Hakka_1,笨繳繳,hau31pʰun13,hau3 pun1 ,有問題,ROM = 好笨
1798_Hakka_1,"1,798",(紙)薄,Flimsy thin (paper),Hakka_1,薄,pʰɔk53,pok6 ,OK,
1799_Hakka_1,"1,799",(紙)~薄,Very thin,Hakka_1,薄翼翼,pʰɔk53jit53jit53,pok6 yit6 yit6 ,OK,
1800_Hakka_1,"1,800",(燈)亮,Bright,Hakka_1,光,kɔŋ13,gong1 ,OK,
1801_Hakka_1,"1,801",(燈)~亮,Very brght,Hakka_1,光華華,kɔŋ13>35va11va11,gong1 va2 va2 ,OK,
1802_Hakka_1,"1,802",(魚)腥,Fishy,Hakka_1,腥,siaŋ13,siang1 ,OK,
1803_Hakka_1,"1,803",(魚)~腥,Very fishy,Hakka_1,腥瘟瘟,siaŋ13vin13vin13,siang1 vin1 vin1 ,OK,
1804_Hakka_1,"1,804",(菜)嫩,(vegetables) Tender,Hakka_1,嫩,lun53,lun4 ,OK,
1805_Hakka_1,"1,805",(菜)~嫩,Very tender,Hakka_1,嫩術術,lun53sut53sut53,lun4 sut6 sut6 ,OK,
1806_Hakka_1,"1,806",(肉煮得)爛,(meat) Mashed,Hakka_1,爛,lan53,lan4 ,OK,
1807_Hakka_1,"1,807",(肉煮得)~爛,Very mashed,Hakka_1,爛綿綿,miɛn53lan53,mien4 lan4 ,OK,
1808_Hakka_1,"1,808",（膝蓋碰)痛(了),Painful (after hurt),Hakka_1,痛,tʰuŋ53,tung4 ,OK,
1809_Hakka_1,"1,809",(膝蓋碰得)~痛,Very painful,Hakka_1,生痛,saŋ31tʰuŋ53,sang3 tung4 ,OK,
1810_Hakka_1,"1,810",(個兒)高,Tall(Body feature),Hakka_1,高,kau13,gau1 ,OK,
1811_Hakka_1,"1,811",(個兒)矮,(Body feature) Short,Hakka_1,矮,ai31,ai3 ,OK,
1812_Hakka_1,"1,812",*矮~~,Very short,Hakka_1,矮耷耷,ai31tɛp53tɛp53,ai3 dep6 dep6 ,OK,
1813_Hakka_1,"1,813",(人)胖,Fat (man),Hakka_1,肥,pʰui11,pui2 ,OK,
1813_Hakka_2,"1,813",(人)胖,Fat (man),Hakka_2,肭,lɛp31,lep5 ,OK,
1814_Hakka_1,"1,814",胖~~,Very thick,Hakka_1,肥嘟嘟,pʰui11tut31tut31,pui2 dut5 dut5 ,OK,
1814_Hakka_2,"1,814",胖~~,Very thick,Hakka_2,仂卒卒,lɛp31tsut31tsut31,lep5 zut5 zut5 ,OK,
1815_Hakka_1,"1,815",(人)瘦,Slim(man),Hakka_1,瘦,sɛu53,seu4 ,OK,
1816_Hakka_1,"1,816",瘦~~,Very slim,Hakka_1,痩蜢蜢,sɛu53maŋ13maŋ13,seu4 mang1 mang1 ,OK,
1816_Hakka_2,"1,816",瘦~~,Very slim,Hakka_2,瘦馬靈鉗,sɛu53ma13>35liaŋ11kʰiaŋ11,seu4 ma1 liang2 kiang2 ,OK,
1817_Hakka_1,"1,817",(豬)肥,Fat (pig),Hakka_1,肥,pʰui11,pui2 ,OK,
1818_Hakka_1,"1,818",肥~~,Very fat (pig),Hakka_1,肥嘟嘟,pʰui11tut31tut31,pui2 dut5 dut5 ,OK,
1819_Hakka_1,"1,819",(菜)老,(the vegetable) overgrow,Hakka_1,老,lau31,lau3 ,OK,
1820_Hakka_1,"1,820",老~~,Seriously overgrow,Hakka_1,老麥麥,lau31mak53mak53,lau3 mak6 mak6 ,OK,
1820_Hakka_2,"1,820",老~~,Seriously overgrow,Hakka_2,老嚙嚙,lau13>35ŋat31ŋat31,lau1 ngat5 ngat5 ,OK,
1821_Hakka_1,"1,821",(東西)亂,Chaotic (room),Hakka_1,亂,lɔn53,lon4 ,OK,
1822_Hakka_1,"1,822",亂~~,Very chaotic,Hakka_1,好亂,hau31lɔn53,hau3 lon4 ,OK,
1823_Hakka_1,"1,823",(速度)快,Fast(speed),Hakka_1,快,kʰai53,kai4 ,OK,
1824_Hakka_1,"1,824",~快,Very fast,Hakka_1,好快,hau31kʰai53,hau3 kai4 ,OK,
1825_Hakka_1,"1,825",(速度)慢,Slow(speed),Hakka_1,慢,man53,man4 ,OK,
1826_Hakka_1,"1,826",慢~~,Very slow,Hakka_1,慢吞吞,man53tʰun13tʰun13,man4 tun1 tun1 ,OK,
1827_Hakka_1,"1,827",(刀)快,Sharp(knife),Hakka_1,快,kʰai13,kai1 ,OK,
1828_Hakka_1,"1,828",~快,Very sharp,Hakka_1,好快,hau31kʰai53,hau3 kai4 ,OK,
1829_Hakka_1,"1,829",(水)熱,Hot(water),Hakka_1,燒,sau13,sau1 ,OK,
1830_Hakka_1,"1,830",~熱,Very hot,Hakka_1,好燒,hau31sau13,hau3 sau1 ,OK,
1831_Hakka_1,"1,831",熱~~,Extremely hot,Hakka_1,燒焓焓,sau13>35hɛm11hɛm11,sau1 hem2 hem2 ,OK,
1832_Hakka_1,"1,832",(水)冷,Cold (water),Hakka_1,冷,laŋ13,lang1 ,OK,
1833_Hakka_1,"1,833",~冷,Very cold,Hakka_1,好冷,hau31laŋ13,hau3 lang1 ,OK,
1834_Hakka_1,"1,834",冷~~,Extremely cold,Hakka_1,冷挖挖,laŋ13>35vat31vat31,lang1 vat5 vat5 ,OK,
1835_Hakka_1,"1,835",(水)燙,Hot and hurt (water),Hakka_1,淥,luk53,luk6 ,OK,
1836_Hakka_1,"1,836",~燙,Very hot and hurt,Hakka_1,沸淥淥,pui53luk53luk53,bui4 luk6 luk6 ,OK,
1837_Hakka_1,"1,837",紅,Red,Hakka_1,紅,fuŋ11,fung2 ,OK,
1838_Hakka_1,"1,838",~紅,Very red,Hakka_1,烔紅,tuŋ53>55fuŋ11,dung4 fung2 ,OK,
1839_Hakka_1,"1,839",紅~~ 鮮紅,Extremely red,Hakka_1,紅淮淮,fuŋ11fai13fai13,fung2 fai1 fai1 ,OK,
1840_Hakka_1,"1,840",黃,Yellow,Hakka_1,黃,vɔŋ11,vong2 ,OK,
1841_Hakka_1,"1,841",~黃,Very yellow,Hakka_1,好黃,hau31vɔŋ11,hau3 vong2 ,OK,
1842_Hakka_1,"1,842",黃~~,Extremely yellow,Hakka_1,黃貢貢,vɔŋ11kuŋ53kuŋ53,vong2 gung4 gung4 ,OK,
1843_Hakka_1,"1,843",綠,Green,Hakka_1,青,tsʰiaŋ13,ciang1 ,OK,
1844_Hakka_1,"1,844",~綠,Very green,Hakka_1,好青,hau31tsʰiaŋ13,hau3 ciang1 ,OK,
1846_Hakka_1,"1,846",白,White,Hakka_1,白,pʰak53,pak6 ,OK,
1847_Hakka_1,"1,847",~白,Very white,Hakka_1,雪白,sut53pʰak53,sut6 pak6 ,OK,
1848_Hakka_1,"1,848",白~~,Extremely white,Hakka_1,白雪雪,pʰak53sut53sut53,pak6 sut6 sut6 ,OK,
1849_Hakka_1,"1,849",黑,Black,Hakka_1,烏,vu13,vu1 ,OK,
1850_Hakka_1,"1,850",~烏黑,Very black,Hakka_1,黷烏,hau31vu13,hau3 vu1 ,唔肯定,ROM = 好烏
1851_Hakka_1,"1,851",黑漆漆~~,Extremely black,Hakka_1,烏黷黷,vu13tu53tu53,vu1 du4 du4 ,OK,
1851_Hakka_2,"1,851",黑漆漆~~,Extremely black,Hakka_2,烏矂矂,vu13sau13sau13,vu1 sau1 sau1 ,OK,
1852_Hakka_1,"1,852",(菜)酸,(dish) Sour,Hakka_1,酸,sɔn13,son1 ,OK,
1853_Hakka_1,"1,853",~酸,Very sour,Hakka_1,好酸,hau31sɔn13,hau3 son1 ,OK,
1854_Hakka_1,"1,854",酸~~,Extremely sour,Hakka_1,酸丟丟,sɔn13>35tiu11tiu11,son1 diu2 diu2 ,OK,
1855_Hakka_1,"1,855",(瓜)甜,(Melon) Sweet,Hakka_1,甜,tʰiam11,tiam2 ,OK,
1856_Hakka_1,"1,856",~甜,Very sweet,Hakka_1,鮮甜,siɛn13>35tʰiam11,sien1 tiam2 ,OK,
1857_Hakka_1,"1,857",甜~~,Extremely sweet,Hakka_1,甜津津,tʰiam11tsin13tsin13,tiam2 zin1 zin1 ,OK,
1858_Hakka_1,"1,858",(瓜)苦,(Melon) bitter,Hakka_1,苦,fu31,fu3 ,OK,
1859_Hakka_1,"1,859",~苦,Very bitter,Hakka_1,好苦,hau31fu31,hau3 fu3 ,OK,
1860_Hakka_1,"1,860",苦~~,Extremely bitter,Hakka_1,苦丟丟,fu31tiu13tiu13,fu3 diu1 diu1 ,OK,
1861_Hakka_1,"1,861",(花)香,(the smell of flower) Fragrant,Hakka_1,香,hiɔŋ13,hiong1 ,OK,
1862_Hakka_1,"1,862",~香,Very fragrant,Hakka_1,噴香,pʰun53hiɔŋ13,pun4 hiong1 ,OK,
1863_Hakka_1,"1,863",香噴噴~~,Extremely fragrant,Hakka_1,香噴噴,hiɔŋ13pʰun53pʰun53,hiong1 pun4 pun4 ,OK,
1864_Hakka_1,"1,864",(屎)臭,(Dung) Smelly,Hakka_1,臭,tsʰiu53,ciu4 ,OK,
1865_Hakka_1,"1,865",~臭,Very smelly,Hakka_1,臭垠,tsʰiu53hiɛn13,ciu4 hien1 ,OK,
1866_Hakka_1,"1,866",臭~~,Extremely smelly,Hakka_1,臭垠臭蟹,tsʰiu53hiɛn13tsʰiu53>55hai31,ciu4 hien1 ciu4 hai3 ,OK,
1867_Hakka_1,"1,867",(尿)臊,Urine smelly,Hakka_1,垠,hiɛn13,hien1 ,OK,
1868_Hakka_1,"1,868",~臊,Very smelly urine,Hakka_1,好臭垠,hau31tsʰiu53hiɛn13,hau3 ciu4 hien1 ,OK,
1869_Hakka_1,"1,869",臊~~,Extremely smelly urine,Hakka_1,爛臭垠,lan53tsʰiu53hiɛn13,lan4 ciu4 hien1 ,OK,
1870_Hakka_1,"1,870",(地面)滑,Slippery (floor too smooth),Hakka_1,滑,vat53,vat6 ,OK,
1871_Hakka_1,"1,871",~滑,Very slippery,Hakka_1,好滑,hau31vat53,hau3 vat6 ,OK,
1872_Hakka_1,"1,872",滑~~,Extremely slippery,Hakka_1,滑律律,vat53lut53lut53,vat6 lut6 lut6 ,OK,
1873_Hakka_1,"1,873",重,Heavy,Hakka_1,重,tsʰuŋ13,cung1 ,OK,
1874_Hakka_1,"1,874",~重,Very heavy,Hakka_1,好重,hau31tsʰuŋ13,hau3 cung1 ,OK,
1875_Hakka_1,"1,875",重~~,Extremely heavy,Hakka_1,重墜墜,tsʰuŋ13>35tɛm11tɛm11,cung1 dem2 dem2 ,OK,
1876_Hakka_1,"1,876",輕,Light (weight),Hakka_1,輕,kʰiaŋ13,kiang1 ,OK,
1877_Hakka_1,"1,877",~輕,Very light,Hakka_1,好輕,hau31kʰiaŋ13,hau3 kiang1 ,OK,
1878_Hakka_1,"1,878",輕~~,Extremely light,Hakka_1,輕匹匹,kʰiaŋ13pʰit53pʰit53,kiang1 pit6 pit6 ,OK,
1879_Hakka_1,"1,879",(衣服曬)乾(了),(the clothes) Dry,Hakka_1,燥,tsau13,zau1 ,OK,
1880_Hakka_1,"1,880",~乾,Very dry,Hakka_1,好燥,hau31tsau13,hau3 zau1 ,OK,
1881_Hakka_1,"1,881",乾~~,Extremely dry,Hakka_1,燥麥麥,tsau13mak53mak53,zau1 mak6 mak6 ,OK,
1882_Hakka_1,"1,882",(衣服淋)濕(了),(the clothes) Wet,Hakka_1,濕,sip31,sip5 ,OK,
1883_Hakka_1,"1,883",~濕,Very wet,Hakka_1,好濕,hau31sip31,hau3 sip5 ,OK,
1884_Hakka_1,"1,884",濕~~,Extremely wet,Hakka_1,濕荅荅,sip31tap31tap31,sip5 dap5 dap5 ,OK,
1885_Hakka_1,"1,885",(饅頭)硬,Hard (food too hard to chew),Hakka_1,硬,ŋaŋ53,ngang4 ,OK,
1886_Hakka_1,"1,886",~硬,Very hard,Hakka_1,好硬,hau31ŋaŋ53,hau3 ngang4 ,OK,
1887_Hakka_1,"1,887",硬~~,Extremely hard,Hakka_1,硬角角,ŋaŋ53kɔk53kɔk53,ngang4 gok6 gok6 ,OK,
1888_Hakka_1,"1,888",(饅頭)軟,(food) Fluffy and soft,Hakka_1,軟,ȵiɔn13,ngion1 ,OK,
1889_Hakka_1,"1,889",~軟,Very soft,Hakka_1,好軟,hau31ȵiɔn13,hau3 ngion1 ,OK,
1890_Hakka_1,"1,890",軟~~,Extremely soft,Hakka_1,軟入入,ȵiɔn13ȵip53ȵip53,ngion1 ngip6 ngip6 ,OK,
1891_Hakka_1,"1,891",(石板)光滑,(surface of stone) Smooth,Hakka_1,滑,vat53,vat6 ,OK,
1892_Hakka_1,"1,892",~光滑,Very smooth,Hakka_1,好光滑,hau31kɔŋ13vat53,hau3 gong1 vat6 ,OK,
1893_Hakka_1,"1,893",光滑~~,Extremely smooth,Hakka_1,滑律律,vat53lut53lut53,vat6 lut6 lut6 ,OK,
1893_Hakka_2,"1,893",光滑~~,Extremely smooth,Hakka_2,滑凸凸,vat53tʰut53tʰut53,vat6 tut6 tut6 ,OK,
1894_Hakka_1,"1,894",一,One,Hakka_1,一,jit31,yit5 ,OK,
1895_Hakka_1,"1,895",二,Two,Hakka_1,二,ȵi53,ngi4 ,OK,
1896_Hakka_1,"1,896",三,Three,Hakka_1,三,sam13,sam1 ,OK,
1897_Hakka_1,"1,897",四,Four,Hakka_1,四,si53,si4 ,OK,
1898_Hakka_1,"1,898",五,Five,Hakka_1,五,ŋ31,ng3 ,OK,
1899_Hakka_1,"1,899",六,Six,Hakka_1,六,luk53,luk6 ,OK,
1900_Hakka_1,"1,900",七,Seven,Hakka_1,七,tsʰit31,cit5 ,OK,
1901_Hakka_1,"1,901",八,Eight,Hakka_1,八,pat31,bat5 ,OK,
1902_Hakka_1,"1,902",九,Nine,Hakka_1,九,kiu31,giu3 ,OK,
1903_Hakka_1,"1,903",十,Ten,Hakka_1,十,sip53,sip6 ,OK,
1904_Hakka_1,"1,904",十五,Fifteen,Hakka_1,十五,sip53ŋ31,sip6 ng3 ,OK,
1905_Hakka_1,"1,905",二十二,Twenty-two,Hakka_1,廿二,ȵip53ȵi53,ngip6 ngi4 ,OK,
1906_Hakka_1,"1,906",三十三,Thirty-three,Hakka_1,三十三,sam13sip53sam13,sam1 sip6 sam1 ,OK,
1907_Hakka_1,"1,907",一百一十,One hundred and ten,Hakka_1,百一,pak31jit31,bak5 yit5 ,OK,
1908_Hakka_1,"1,908",一百一十一,One hundred and eleven,Hakka_1,一百一十一,jit31pak31jit31sip53jit31,yit5 bak5 yit5 sip6 yit5 ,OK,
1909_Hakka_1,"1,909",二百五十,Two hundreds and fifty,Hakka_1,兩百五,liɔŋ31pak31ŋ13,liong3 bak5 ng1 ,OK,
1910_Hakka_1,"1,910",三四個(人),Three or four (people),Hakka_1,三四隻人,sam13si53tsak31ȵin11,sam1 si4 zak5 ngin2 ,OK,
1911_Hakka_1,"1,911",十來個,More than ten (people),Hakka_1,十零隻,sip53laŋ11tsak31,sip6 lang2 zak5 ,OK,
1912_Hakka_1,"1,912",整個(吃),A whole,Hakka_1,成隻,vɔn11tsak31,von2 zak5 ,唔肯定,von2?
1913_Hakka_1,"1,913",二斤,Two catties,Hakka_1,兩斤,liɔŋ31kin13,liong3 gin1 ,OK,
1914_Hakka_1,"1,914",二兩,Two taels,Hakka_1,兩兩,liɔŋ31liɔŋ13,liong3 liong1 ,OK,
1915_Hakka_1,"1,915",二斤二兩,Two point two catties,Hakka_1,兩斤兩兩,liɔŋ31kin13>35liɔŋ31liɔŋ13,liong3 gin1 liong3 liong1 ,OK,
1915_Hakka_2,"1,915",二斤二兩,Two point two catties,Hakka_2,兩斤二兩,liɔŋ31kin13ȵi53liɔŋ13,liong3 gin1 ngi4 liong1 ,OK,
1916_Hakka_1,"1,916",二尺,Two feet,Hakka_1,兩尺,liɔŋ31tsʰak31,liong3 cak5 ,OK,
1917_Hakka_1,"1,917",一斤半,One and a half catties,Hakka_1,斤半,kin13pan53,gin1 ban4 ,OK,
1918_Hakka_1,"1,918",(一)個(人),Classifier for person,Hakka_1,隻,tsak31,zak5 ,OK,
1919_Hakka_1,"1,919",(一)隻(雞),Classifier for chicken,Hakka_1,隻,tsak31,zak5 ,OK,
1920_Hakka_1,"1,920",(一)頭(豬),Classifier for pig,Hakka_1,條,tʰiau11,tiau2 ,OK,
1921_Hakka_1,"1,921",(一)朵(花),Classifier for flower,Hakka_1,朵,tɔ31,do3 ,OK,
1922_Hakka_1,"1,922",(一)條(魚),Classifier for fish,Hakka_1,條,tʰiau11,tiau2 ,OK,
1923_Hakka_1,"1,923",(一)頭(牛),Classifier for cattle,Hakka_1,條,tʰiau11,tiau2 ,OK,
1924_Hakka_1,"1,924",(一)匹(馬),Classifier for horse,Hakka_1,隻,tsak31,zak5 ,OK,
1925_Hakka_1,"1,925",(一)頭(狗),Classifier for dog,Hakka_1,條,tʰiau11,tiau2 ,OK,
1926_Hakka_1,"1,926",(一)頭(蛇),Classifier for snake,Hakka_1,條,tʰiau11,tiau2 ,OK,
1927_Hakka_1,"1,927",(一)棵(樹),Classifier for tree,Hakka_1,棵,pʰɔ13,po1 ,OK,
1928_Hakka_1,"1,928",(一)叢(草),A cluster of grass,Hakka_1,堆,tɔi13,doi1 ,OK,
1929_Hakka_1,"1,929",(一)頓(飯),Classifier for meal,Hakka_1,餐,tsʰɔn13,con1 ,OK,
1930_Hakka_1,"1,930",(一)支(煙),Classifier for cigarette,Hakka_1,條,hɛu31,heu3 ,唔肯定,上/去聲 variant?
1931_Hakka_1,"1,931",(一)件(衣服),Classifier for clothes,Hakka_1,件,kʰiɛn31,kien3 ,OK,
1932_Hakka_1,"1,932",(一)套(衣服),A suit of(clothes),Hakka_1,身,sin13,sin1 ,OK,
1933_Hakka_1,"1,933",(一)雙(鞋),A pair of (shoes),Hakka_1,對,tui53,dui4 ,OK,
1933_Hakka_2,"1,933",(一)雙(鞋),A pair of (shoes),Hakka_2,雙,suŋ13,sung1 ,OK,
1934_Hakka_1,"1,934",(一)條(被子),Classifier forquilt,Hakka_1,番,fɔn13,fon1 ,OK,
1935_Hakka_1,"1,935",頂(蚊帳),Classifier formosquito net,Hakka_1,頂,taŋ31,dang3 ,OK,
1936_Hakka_1,"1,936",(一)把(刀),Classifier for knife,Hakka_1,張,tsʰɔŋ13,cong1 ,OK,
1937_Hakka_1,"1,937",(一)幢(房子),Classifier for building,Hakka_1,間,kan13,gan1 ,OK,
1938_Hakka_1,"1,938",(一)口(井),Classifier for well,Hakka_1,隻,tsak31,zak5 ,OK,
1939_Hakka_1,"1,939",(一)個(箱子),Classifier forbox,Hakka_1,隻,tsak31,zak5 ,OK,
1940_Hakka_1,"1,940",(一)輛(車),Classifier for car,Hakka_1,架,ka53,ga4 ,OK,
1941_Hakka_1,"1,941",(一)隻(船),Classifier for boat,Hakka_1,條,tʰiau11,tiau2 ,OK,
1942_Hakka_1,"1,942",(一)件(事情),"Classifier for thing, matter",Hakka_1,件,kʰiɛn53,kien4 ,唔肯定,上/去聲 variant?
1943_Hakka_1,"1,943",(一)夥(人),A group of (people),Hakka_1,班,pan13,ban1 ,OK,
1944_Hakka_1,"1,944",(一)疊(紙),A pile of (paper),Hakka_1,疊,tʰiap53,tiap6 ,OK,
1945_Hakka_1,"1,945",(一)捧(花生),A handful of (peanuts),Hakka_1,捧,puŋ31,bung3 ,OK,
1946_Hakka_1,"1,946",(一)串(葡萄),A cluster of (grapes),Hakka_1,桍,kʰa31,ka3 ,OK,
1947_Hakka_1,"1,947",(一)口(水),A mouthful of (water),Hakka_1,啖,tʰam53,tam4 ,OK,
1948_Hakka_1,"1,948",(一)瓶(酒),A bottle of (wine),Hakka_1,樽,tsun13,zun1 ,OK,
1949_Hakka_1,"1,949",(一)片(樹葉),Classifier for(a piece of)leaf,Hakka_1,皮,pʰi11,pi2 ,OK,
1950_Hakka_1,"1,950",(一)截(木頭),A block of (wood),Hakka_1,筒,tʰuŋ11,tung2 ,OK,
1951_Hakka_1,"1,951",(一)片(桔子),A piece of (oranges),Hakka_1,緬,miɛn31,mien3 ,OK,
1952_Hakka_1,"1,952",(一)灘(水),A puddle of (water),Hakka_1,灘,pʰiaŋ11,piang2 ,唔肯定,訓讀？
1953_Hakka_1,"1,953",(一)道(痕跡),A piece of (trace),Hakka_1,條,tʰiau11,tiau2 ,OK,
1954_Hakka_1,"1,954",(一)畦(菜地),A piece of (field),Hakka_1,壢,lak53,lak6 ,OK,
1955_Hakka_1,"1,955",(一)丘(田),A piece of (farm land),Hakka_1,塊,kʰai53,kai4 ,OK,
1956_Hakka_1,"1,956",(一)家(人),A family,Hakka_1,家,ka13,ga1 ,OK,
1957_Hakka_1,"1,957",(一)滴(眼淚),A drop of (tear),Hakka_1,點,tiam31,diam3 ,OK,
1958_Hakka_1,"1,958",(一)窩(狗),A brood ofanimals,Hakka_1,竇,tɛu53,deu4 ,OK,
1959_Hakka_1,"1,959",(一)塊(磚),A block of (brick),Hakka_1,隻,tsak31,zak5 ,OK,
1960_Hakka_1,"1,960",(一)陣(雨),A shower of (rain),Hakka_1,陣,tsʰin53,cin4 ,OK,
1961_Hakka_1,"1,961",(一)扇(門),Classifier for door,Hakka_1,隻,tsak31,zak5 ,OK,
1962_Hakka_1,"1,962",(一)隻(碗),Classifier for(bowl,Hakka_1,隻,tsak31,zak5 ,OK,
1963_Hakka_1,"1,963",(一)口(鍋,Classifier for pan,Hakka_1,隻,tsak31,zak5 ,OK,
1964_Hakka_1,"1,964",(一)杆(秤),Steelyard,Hakka_1,把,pa31,ba3 ,OK,
1965_Hakka_1,"1,965",(一)把(大蒜),Abundleof (garlic),Hakka_1,把,pa31,ba3 ,OK,
1966_Hakka_1,"1,966",(一)泡(尿),Classifier for pee,Hakka_1,涿,tuk31,duk5 ,OK,
1967_Hakka_1,"1,967",(一)泡(屎),Classifier for shit,Hakka_1,涿,tuk31,duk5 ,OK,
1968_Hakka_1,"1,968",(一)團(泥),A piece of (mud),Hakka_1,團,tʰɔn11,ton2 ,OK,
1969_Hakka_1,"1,969",(一)株(草),Classifier for grass,Hakka_1,棵,pʰɔ13,po1 ,OK,
1970_Hakka_1,"1,970",(一)堆(沙),A pile of (sand),Hakka_1,堆,tɔi13,doi1 ,OK,
1971_Hakka_1,"1,971",(一)服(藥),A dose of (medicine),Hakka_1,服,fuk53,fuk6 ,OK,
1972_Hakka_1,"1,972",(一)苲(長),The lengthof hand extendedfrom thumb tolastfinger,Hakka_1,拈,ȵiam31,ngiam3 ,OK,
1973_Hakka_1,"1,973",(一)庹(長),The lengthof hand extendedfrom thumb tolastfinger,Hakka_1,拈,ȵiam31,ngiam3 ,OK,
1974_Hakka_1,"1,974",(一)元(錢),Yuan(currency unit),Hakka_1,塊,kʰai53,kai4 ,OK,
1975_Hakka_1,"1,975",(一)角(錢),Ten cents,Hakka_1,毫,hau11,hau2 ,OK,
1976_Hakka_1,"1,976",(一)分(錢),Onecent,Hakka_1,分,fun13,fun1 ,OK,
1977_Hakka_1,"1,977",(打一)頓,Classifier for beating,Hakka_1,身,sin13,sin1 ,OK,
1978_Hakka_1,"1,978",(看一)遍,(read)once,Hakka_1,到,tau53,dau4 ,OK,
1979_Hakka_1,"1,979",(走一)趟,Classifier fora journey,Hakka_1,趟,tʰɔŋ53,tong4 ,OK,
1980_Hakka_1,"1,980",(玩一)次,(play)a round,Hakka_1,到,tau53,dau4 ,OK,
1981_Hakka_1,"1,981",我,I(First personpronoun),Hakka_1,厓,ŋai11,ngai2 ,OK,
1982_Hakka_1,"1,982",你,You (singular),Hakka_1,你,ȵi11,ngi2 ,OK,
1983_Hakka_1,"1,983",他,He,Hakka_1,佢,ki11,gi2 ,OK,
1984_Hakka_1,"1,984",我們,We,Hakka_1,厓哋,ŋai11ti13,ngai2 di1 ,OK,
1985_Hakka_1,"1,985",咱們,We (including the speakers and listeners only),Hakka_1,吾兜,ŋa13tɛu13,nga1 deu1 ,OK,
1986_Hakka_1,"1,986",你們,You (plural),Hakka_1,你兜,ȵia13tɛu13,ngia1 deu1 ,OK,
1987_Hakka_1,"1,987",他們,They,Hakka_1,佢兜,kia13tɛu13,gia1 deu1 ,OK,
1988_Hakka_1,"1,988",誰,Who,Hakka_1,哪人,la53>55ȵin11,la4 ngin2 ,OK,
1989_Hakka_1,"1,989",別人,Others,Hakka_1,人家,ȵin11ka13,ngin2 ga1 ,OK,
1990_Hakka_1,"1,990",大家,Everyone,Hakka_1,大齊家,tʰai53>55tsʰi11ka13,tai4 ci2 ga1 ,唔肯定,齊？
1991_Hakka_1,"1,991",自己,Self,Hakka_1,自家,tsʰi11ka13,ci2 ga1 ,OK,
1992_Hakka_1,"1,992",我的,My,Hakka_1,吾嘅,ŋa13kɛ53,nga1 ge4 ,OK,
1993_Hakka_1,"1,993",你的,Your,Hakka_1,爾嘅,ȵia13kɛ53,ngia1 ge4 ,OK,
1994_Hakka_1,"1,994",他的,His,Hakka_1,佢嘅,kia13kɛ53,gia1 ge4 ,OK,
1995_Hakka_1,"1,995",我們的,Our,Hakka_1,厓哋嘅,ŋai11ti13kɛ53,ngai2 di1 ge4 ,OK,
1996_Hakka_1,"1,996",咱們的,Our(including the speakers and listeners only),Hakka_1,吾兜嘅,ŋa13tɛu13kɛ53,nga1 deu1 ge4 ,OK,
1997_Hakka_1,"1,997",你們的,Your(plural),Hakka_1,你兜嘅,ȵia13tɛu13kɛ53,ngia1 deu1 ge4 ,OK,
1998_Hakka_1,"1,998",他們的,Their,Hakka_1,佢兜咯,kia13tɛu13kɛ53,gia1 deu1 ge4 ,OK,
1999_Hakka_1,"1,999",誰的,Whose,Hakka_1,哪人嘅,la53>55ȵin11kɛ53,la4 ngin2 ge4 ,OK,
2000_Hakka_1,"2,000",這個,This,Hakka_1,這隻,ȵia31tsak31,ngia3 zak5 ,OK,
2001_Hakka_1,"2,001",那個,That,Hakka_1,該隻,ai53>55tsak31,ai4 zak5 ,OK,
2002_Hakka_1,"2,002",哪個,Which,Hakka_1,哪隻,lai53>55tsak31,lai4 zak5 ,OK,
2003_Hakka_1,"2,003",這些,These,Hakka_1,這兜,ȵia31tɛu13,ngia3 deu1 ,OK,
2004_Hakka_1,"2,004",那些,Those,Hakka_1,該兜,ai53tɛu13,ai4 deu1 ,OK,
2005_Hakka_1,"2,005",哪些,Which (plural),Hakka_1,哪兜,lai53tɛu13,lai4 deu1 ,OK,
2006_Hakka_1,"2,006",一些兒,Some,Hakka_1,一滴仔,jit31tit53tsai31,yit5 dit6 zai3 ,OK,
2007_Hakka_1,"2,007",這裏,Here,Hakka_1,這裏,ȵia31li13,ngia3 li1 ,OK,
2007_Hakka_2,"2,007",這裏,Here,Hakka_2,這定,ȵia31tʰaŋ53,ngia3 tang4 ,OK,
2008_Hakka_1,"2,008",那裏,There,Hakka_1,該裏,ai53li13,ai4 li1 ,OK,
2008_Hakka_2,"2,008",那裏,There,Hakka_2,該定,ai53tʰaŋ53,ai4 tang4 ,OK,
2009_Hakka_1,"2,009",哪裏,Where,Hakka_1,哪裏,lai53li13,lai4 li1 ,OK,
2009_Hakka_2,"2,009",哪裏,Where,Hakka_2,哪定,lai53tʰaŋ53,lai4 tang4 ,OK,
2010_Hakka_1,"2,010",這邊,This side,Hakka_1,這邊,ȵia31piɛn13,ngia3 bien1 ,OK,
2011_Hakka_1,"2,011",那邊,That side,Hakka_1,該邊,ai53piɛn13,ai4 bien1 ,OK,
2012_Hakka_1,"2,012",哪邊,Which side,Hakka_1,哪邊,lai53piɛn13,lai4 bien1 ,OK,
2013_Hakka_1,"2,013",這麼(甜),So (sweet),Hakka_1,恁,an11,an2 ,OK,
2014_Hakka_1,"2,014",那麼(甜),That (sweet),Hakka_1,恁,an53,an4 ,OK,
2015_Hakka_1,"2,015",這樣(做),(Do like ) this,Hakka_1,恁樣做,an11jɔŋ53tsɔ53,an2 yong4 zo4 ,OK,
2016_Hakka_1,"2,016",那樣(做),(Do llike) that,Hakka_1,恁樣做,an53jɔŋ53tsɔ53,an4 yong4 zo4 ,OK,
2017_Hakka_1,"2,017",怎樣(做),How (to do ),Hakka_1,樣邊做,jɔŋ53piɛn13tsɔ53,yong4 bien1 zo4 ,OK,
2018_Hakka_1,"2,018",怎麼(辦),How (can we do ),Hakka_1,樣邊搞,jɔŋ53piɛn13>35kau31,yong4 bien1 gau3 ,OK,
2019_Hakka_1,"2,019",這會兒,Now,Hakka_1,這下,ȵia31ha53,ngia3 ha4 ,OK,
2020_Hakka_1,"2,020",那會兒,At that time,Hakka_1,該下,ai53ha53,ai4 ha4 ,OK,
2021_Hakka_1,"2,021",哪會兒,When,Hakka_1,哪陣,lai53tsʰin53,lai4 cin4 ,OK,
2021_Hakka_2,"2,021",哪會兒,When,Hakka_2,幾時,kit31si11,git5 si2 ,OK,
2022_Hakka_1,"2,022",多久,How long (time),Hakka_1,幾久,kit31kiu31,git5 giu3 ,OK,
2023_Hakka_1,"2,023",多少斤,How many kilos,Hakka_1,幾多斤,kit31tɔ13kin13,git5 do1 gin1 ,OK,
2024_Hakka_1,"2,024",別處,Other places,Hakka_1,第二定,tʰi53ȵi53tʰaŋ53,ti4 ngi4 tang4 ,OK,
2025_Hakka_1,"2,025",別的(東西),Other (things),Hakka_1,第二兜,tʰi53ȵi53tɛu13,ti4 ngi4 deu1 ,OK,
2026_Hakka_1,"2,026",到處,Everywhere,Hakka_1,哪定,lai53taŋ53,lai4 dang4 ,OK,
2027_Hakka_1,"2,027",什麼,What,Hakka_1,乜介,mak31kai53,mak5 gai4 ,OK,
2028_Hakka_1,"2,028",為什麼,Why,Hakka_1,做乜介,tsɔ53>55mak31kai53,zo4 mak5 gai4 ,OK,
2029_Hakka_1,"2,029",…上下,"About, circa",Hakka_1,上下,sɔŋ53ha53,song4 ha4 ,OK,
2030_Hakka_1,"2,030",分(幾分之幾),Fraction,Hakka_1,分,fun53,fun4 ,OK,
2031_Hakka_1,"2,031",剛(到),just now,Hakka_1,正,tsaŋ53,zang4 ,OK,
2032_Hakka_1,"2,032",剛好(合適),Very (suitable),Hakka_1,啱線,ŋam13siɛn53,ngam1 sien4 ,OK,
2033_Hakka_1,"2,033",乍(看很像),At the first glance,Hakka_1,積聲看去,tsik53saŋ13kan53hi53,zik6 sang1 gan4 hi4 ,唔肯定,kon4? gan4?
2034_Hakka_1,"2,034",一向,Always,Hakka_1,一直,jit53tsʰit53,yit6 cit6 ,OK,
2034_Hakka_2,"2,034",一向,Always,Hakka_2,不留,put31liu53,but5 liu4 ,OK,
2035_Hakka_1,"2,035",常常,Usually,Hakka_1,長日,tsʰɔŋ11ȵit31,cong2 ngit5 ,OK,
2036_Hakka_1,"2,036",正在(吃飯),In the course of (eating),Hakka_1,食等,sit53tɛn31,sit6 den3 ,OK,
2037_Hakka_1,"2,037",趕快(走),Hurry up,Hakka_1,快滴,kʰai53tit53,kai4 dit6 ,OK,
2038_Hakka_1,"2,038",(別)老是(說),Always,Hakka_1,緊,kin31,gin3 ,OK,
2039_Hakka_1,"2,039",馬上(就到),Right now,Hakka_1,黏腳,ȵiam11kiɔk31,ngiam2 giok5 ,OK,
2040_Hakka_1,"2,040",一下子(找不著),At a draught,Hakka_1,一下子,jit31ha53>55tsu31,yit5 ha4 zu3 ,OK,
2041_Hakka_1,"2,041",很(好),Very (good),Hakka_1,幾,kit31,git5 ,OK,
2042_Hakka_1,"2,042",最,Most,Hakka_1,最,tsui53,zui4 ,OK,
2043_Hakka_1,"2,043",太(小了),Too (small),Hakka_1,忒過,tʰɛt31kɔ53,tet5 go4 ,OK,
2044_Hakka_1,"2,044",特別(鹹),"Especially, extremely",Hakka_1,特別,tʰɛt53pʰiɛt53,tet6 piet6 ,OK,
2045_Hakka_1,"2,045",有點兒(累),A little,Hakka_1,有滴仔,jiu13tit53>55tsai31,yiu1 dit6 zai3 ,OK,
2046_Hakka_1,"2,046",(大家)都(會),All (adv.),Hakka_1,都,tu13,du1 ,OK,
2047_Hakka_1,"2,047",一共,In total,Hakka_1,共總,jit31ha53,yit5 ha4 ,有問題,一下 character =/= IPA & ROM
2048_Hakka_1,"2,048",幸虧(沒去),Fortunately,Hakka_1,好彩,hau31tsʰɔi31,hau3 coi3 ,OK,
2049_Hakka_1,"2,049",特地(趕來),Specially,Hakka_1,直登,tsɔn13>35mun11,zon1 mun2 ,有問題,2049_1/2 撈亂
2049_Hakka_2,"2,049",特地(趕來),Specially,Hakka_2,專門,tsik53taŋ13,zik6 dang1 ,有問題,2049_1/2 撈亂
2050_Hakka_1,"2,050",反正,Anyhow,Hakka_1,總都,tsuŋ31tu13,zung3 du1 ,OK,
2051_Hakka_1,"2,051",光(吃菜不吃飯),Only (eating vegetables ),Hakka_1,淨,tsʰiaŋ53,ciang4 ,OK,
2052_Hakka_1,"2,052",只(剩下一點兒),Just (a little left),Hakka_1,正,tsaŋ53,zang4 ,OK,
2053_Hakka_1,"2,053",偏(不去),With intention (not to go),Hakka_1,就係,tsʰiu53hɛ53,ciu4 he4 ,OK,
2054_Hakka_1,"2,054",恐怕(來不了),Be afraid (that I cannot come),Hakka_1,惶,kʰɔŋ11,kong2 ,OK,
2055_Hakka_1,"2,055",一塊兒(去),(go) together,Hakka_1,一下,jit31ha53,yit5 ha4 ,OK,
2056_Hakka_1,"2,056",故意,Intently,Hakka_1,直登,tsʰit53taŋ13,cit6 dang1 ,OK,
2057_Hakka_1,"2,057",一定(要來),Must,Hakka_1,一定,ŋaŋ53hɛ53,ngang4 he4 ,有問題,硬係 character =/= IPA & ROM
2058_Hakka_1,"2,058",白(幹),(do something) in vain,Hakka_1,白,pʰak53,pak6 ,OK,
2059_Hakka_1,"2,059",不(去),not (go ),Hakka_1,唔,m̩13,m1 ,OK,
2060_Hakka_1,"2,060",不是,No,Hakka_1,唔係,m̩13hɛ53,m1 he4 ,OK,
2061_Hakka_1,"2,061",沒(去),Did not (go),Hakka_1,冇,mau11,mau2 ,OK,
2062_Hakka_1,"2,062",沒有(錢),No (money),Hakka_1,冇,mau11,mau2 ,OK,
2063_Hakka_1,"2,063",不必(去),No need to (go),Hakka_1,唔使,m̩13>35su31,m1 su3 ,OK,
2064_Hakka_1,"2,064",別(去),Don’t (go),Hakka_1,唔好,m̩13>35hau31,m1 hau3 ,OK,
2065_Hakka_1,"2,065",還(沒來),Still not yet (come),Hakka_1,還,han11,han2 ,OK,
2066_Hakka_1,"2,066",突然(不見了),Suddenly,Hakka_1,陣時間,tsʰin53>55si11kan13,cin4 si2 gan1 ,OK,
2067_Hakka_1,"2,067",得(去),Have to (go),Hakka_1,愛,ɔi53,oi4 ,OK,
2068_Hakka_1,"2,068",拼命(跑),Desperately,Hakka_1,搏命,pɔk31miaŋ53,bok5 miang4 ,OK,
2069_Hakka_1,"2,069",更(起勁),Much more,Hakka_1,還過,han11kɔ53,han2 go4 ,OK,
2070_Hakka_1,"2,070",大約(二十個),About,Hakka_1,大莫約,tʰai53>55mɔk31jɔk31,tai4 mok5 yok5 ,OK,
2071_Hakka_1,"2,071",幾乎(沒命),Almost (lose one’s life),Hakka_1,爭嘀仔,tsʰaŋ13tit53tsai31,cang1 dit6 zai3 ,OK,
2072_Hakka_1,"2,072",索性(不去),Simply(do not go),Hakka_1,乾脆,kɔn13tsʰui53,gon1 cui4 ,OK,
2072_Hakka_2,"2,072",索性(不去),Simply(do not go),Hakka_2,直情,tsit53tsʰin11,zit6 cin2 ,OK,
2073_Hakka_1,"2,073",快(到了),Soon,Hakka_1,就,tsʰiu53,ciu4 ,OK,
2074_Hakka_1,"2,074",預先(講好了,in advance (agree on something),Hakka_1,加先,ka13siɛn13,ga1 sien1 ,OK,
2075_Hakka_1,"2,075",仍然(那樣),All the same,Hakka_1,還係,han11hɛ53,han2 he4 ,OK,
2076_Hakka_1,"2,076",好像(見過),Seem (to meet before),Hakka_1,好像,hau31tsʰiɔŋ53,hau3 ciong4 ,OK,
2077_Hakka_1,"2,077",跟著(就走了),Then (he left),Hakka_1,黏尾,ȵiam11mui13,ngiam2 mui1 ,OK,
2078_Hakka_1,"2,078",(氣)都(氣死了),Even (killed by his bad manner),Hakka_1,都,tu13,du1 ,OK,
2079_Hakka_1,"2,079",偏偏(是他),Happens to be (him),Hakka_1,偏偏,piɛn13piɛn13,bien1 bien1 ,OK,
2080_Hakka_1,"2,080",已經(來了),Already,Hakka_1,來嗨里,lɔi11hɔi13ti13,loi2 hoi1 di1 ,唔肯定,里？
2081_Hakka_1,"2,081",稍微(高了些),A bit (tall),Hakka_1,稍為,sau31vui11,sau3 vui2 ,OK,
2082_Hakka_1,"2,082",多(漂亮),How (beautiful),Hakka_1,幾,kit31,git5 ,OK,
2083_Hakka_1,"2,083",臨時(弄),Temporarily,Hakka_1,臨時,lin11si11,lin2 si2 ,OK,
2084_Hakka_1,"2,084",的確(不知道),Indeed,Hakka_1,真係,tsin13hɛ53,zin1 he4 ,OK,
2085_Hakka_1,"2,085",(吃了飯)再說,Discuss later,Hakka_1,正講,tsaŋ11kɔŋ31,zang2 gong3 ,OK,
2086_Hakka_1,"2,086",(太陽)和(月亮),And (sun and moon),Hakka_1,撈,lau13,lau1 ,OK,
2087_Hakka_1,"2,087",(我)跟(他都去),(He) and (I),Hakka_1,撈,lau13,lau1 ,OK,
2088_Hakka_1,"2,088",或者(你去),Or,Hakka_1,或者,fɛt53tsa31,fet6 za3 ,OK,
2089_Hakka_1,"2,089",只要,As long as,Hakka_1,只要,tsik31jau53,zik5 yau4 ,OK,
2090_Hakka_1,"2,090",只有,Nothing but,Hakka_1,只有,tsik31jiu13,zik5 yiu1 ,OK,
2091_Hakka_1,"2,091",(借)給(我),(lent it ) to (me),Hakka_1,分,pin13,bin1 ,OK,
2092_Hakka_1,"2,092",和(你不同),(not the same)as (you),Hakka_1,撈,lau13,lau1 ,OK,
2093_Hakka_1,"2,093",被(他吃了),(eaten up ) by (him),Hakka_1,分,pin13,bin1 ,OK,
2094_Hakka_1,"2,094",把(門關上),Equivalent of “ba” in Mandarin,Hakka_1,將,tsiɔŋ13,ziong1 ,OK,
2095_Hakka_1,"2,095",(放)在(哪裏),At (some places),Hakka_1,在,tsʰɔi13,coi1 ,OK,
2096_Hakka_1,"2,096",從(明天起),From (time),Hakka_1,由,jiu11,yiu2 ,OK,
2097_Hakka_1,"2,097",打(哪兒來),From (place),Hakka_1,適,tsak31,zak5 ,OK,
2098_Hakka_1,"2,098",照(這樣做),(do)like(this),Hakka_1,照,tsau53,zau4 ,OK,
2099_Hakka_1,"2,099",沿著(河邊走),(walk)along(the river),Hakka_1,沿,jɛn11,yen2 ,OK,
2100_Hakka_1,"2,100",替(他看門),(watch door)for (him),Hakka_1,幫,pɔŋ13,bong1 ,OK,
2100_Hakka_2,"2,100",替(他看門),(watch door)for (him),Hakka_2,撈,lau13,lau1 ,OK,
2101_Hakka_1,"2,101",向(他借錢),(borrow money) from (him),Hakka_1,向,hiɔŋ53,hiong4 ,OK,
2102_Hakka_1,"2,102",向(前走),Towards,Hakka_1,向,hiɔŋ53,hiong4 ,OK,
2103_Hakka_1,"2,103",從小,From a young age,Hakka_1,從細,tsʰuŋ11sɛ53,cung2 se4 ,OK,
2104_Hakka_1,"2,104",在(家裏吃),At (home),Hakka_1,在,tsʰɔi13,coi1 ,OK,
2105_Hakka_1,"2,105",除(他之外),Except (him),Hakka_1,除嗨,tsʰu11hɔi13,cu2 hoi1 ,OK,
2106_Hakka_1,"2,106",讓(他去),Let (him go),Hakka_1,等,tɛn31,den3 ,OK,
2107_Hakka_1,"2,107",用(鋼筆寫),(write)by (pen),Hakka_1,用,juŋ53,yung4 ,OK,
2108_Hakka_1,"2,108",到(今天止),Until (today),Hakka_1,到,tau53,dau4 ,OK,
2109_Hakka_1,"2,109",比(他高),(Taller) than,Hakka_1,比,pi31,bi3 ,OK,
2110_Hakka_1,"2,110",*餓死了 (程度誇張),Very hungry,Hakka_1,餓死咯,ŋɔ53>55si31lɔ31,ngo4 si3 lo3 ,OK,
2111_Hakka_1,"2,111",餓死了 (結果),Be dead of starvation,Hakka_1,餓死嗨,ŋɔ53>55si31hɔi13,ngo4 si3 hoi1 ,OK,
2112_Hakka_1,"2,112",凍死了(程度誇張),Very cold,Hakka_1,冷死咯,laŋ13>35si31lɔ31,lang1 si3 lo3 ,OK,
2113_Hakka_1,"2,113",凍死了 (結果),Be dead of cold,Hakka_1,冷死嗨,laŋ13>35si31hɔi13,lang1 si3 hoi1 ,OK,
2114_Hakka_1,"2,114",累死了(程度誇張),Very tired,Hakka_1,攰死咯,kʰiɔi53>55si31lɔ31,kioi4 si3 lo3 ,OK,
2115_Hakka_1,"2,115",累死了 (結果),Be dead of tireness,Hakka_1,攰死嗨,kʰiɔi53>55si31hɔi13,kioi4 si3 hoi1 ,OK,
2116_Hakka_1,"2,116",(擔子太重) 壓死了(程度誇張),Too heavy,Hakka_1,磧死咯,tsak31si31lɔ31,zak5 si3 lo3 ,OK,
2117_Hakka_1,"2,117",壓死了 (結果),Die of heavy stress,Hakka_1,磧死嗨,tsak31si3hɔi13,zak5 si3hoi1 ,OK,
2118_Hakka_1,"2,118",(蚊子太多)叮死了,Too many mosquitos biting!,Hakka_1,叼死咯,tiu13>35si31lɔ31,diu1 si3 lo3 ,OK,
2119_Hakka_1,"2,119",叮死了,Be dead of biting,Hakka_1,叼死嗨,tiu13>35si3hɔi13,diu1 si3hoi1 ,OK,
2120_Hakka_1,"2,120",高興死了 (程度誇張),So happy,Hakka_1,興死咯,hin31si31lɔ31,hin3 si3 lo3 ,OK,
2121_Hakka_1,"2,121",找遍了,Searched everywhere,Hakka_1,尋交轉,tsʰim11kau35tsʰɔn31,cim2 gau35con3 ,OK,
2122_Hakka_1,"2,122",(已經)說好,(already) agreed on (something,Hakka_1,講好嗨里,kɔŋ31hau31hɔi13ti13,gong3 hau3 hoi1 di1 ,OK,
2123_Hakka_1,"2,123",(功課)做完了,(homework is) done,Hakka_1,做秋嗨,tsɔ53tsʰiu13hɔi13,zo4 ciu1 hoi1 ,OK,
2124_Hakka_1,"2,124",(手錶)不見了,Can’t find (the watch),Hakka_1,唔見嗨,m̩13kiɛn53hɔi13,m1 gien4 hoi1 ,OK,
2125_Hakka_1,"2,125",(辣椒)太辣了,(the pepper is) too hot,Hakka_1,辣過頭咯,lat53kɔ53tʰɛu13>35lɔ31,lat6 go4 teu1 lo3 ,OK,
2126_Hakka_1,"2,126",(雨傘)壞了,(the umbrella) is broken,Hakka_1,爛嗨,lan53hɔi13,lan4 hoi1 ,OK,
2127_Hakka_1,"2,127",看不見,Cannot see,Hakka_1,看唔倒,kʰɔn53m̩13>35tau31,kon4 m1 dau3 ,OK,
2128_Hakka_1,"2,128",進不去,Cannot go inside,Hakka_1,番唔到去,fan13m̩13>35tau31hi53,fan1 m1 dau3 hi4 ,OK,
2129_Hakka_1,"2,129",出不來,Cannot come outside,Hakka_1,出唔到來,tsʰut31m̩13>35tau31lɔi11,cut5 m1 dau3 loi2 ,OK,
2130_Hakka_1,"2,130",裝不下,Cannot squeeze things into (a bag),Hakka_1,裝唔落,tsɔŋ13m̩13lɔk53,zong1 m1 lok6 ,OK,
2131_Hakka_1,"2,131",頭不痛,The head aches no more,Hakka_1,頭那唔痛,tʰɛu11la13m̩13tʰuŋ53,teu2 la1 m1 tung4 ,OK,
2132_Hakka_1,"2,132",給他猜著了,Be anticipated by him,Hakka_1,分佢估中嗨,pin13>35ki11ku31tsuŋ53hɔi13,bin1 gi2 gu3 zung4 hoi1 ,OK,
2133_Hakka_1,"2,133",打不過他,Cannot defeat him,Hakka_1,打佢唔嬴,ta31ki13m̩13>35jaŋ11,da3 gi1 m1 yang2 ,唔肯定,ki13?
2134_Hakka_1,"2,134",打得過他,Can defeat him,Hakka_1,打得佢贏,ta31tɛt31ki11jaŋ11,da3 det5 gi2 yang2 ,OK,
2135_Hakka_1,"2,135",喘不過氣,Cannot breathe,Hakka_1,敨唔倒氣,tʰɛu31m̩13>35tau31hi53,teu3 m1 dau3 hi4 ,OK,
2136_Hakka_1,"2,136",騙不了我,(you)Cannot cheat me,Hakka_1,撮唔倒厓,tsʰɔt31m̩13>35tau31ŋai11,cot5 m1 dau3 ngai2 ,OK,
2137_Hakka_1,"2,137",(我)叫不動他,(I ) cannot ask him to help,Hakka_1,喊唔動佢,ham53m̩13tuŋ13>35ki11,ham4 m1 dung1 gi2 ,OK,
2138_Hakka_1,"2,138",(這孩子很)討人喜歡,(this child) is beloved,Hakka_1,得人惜,tɛt31ȵin11siak31,det5 ngin2 siak5 ,OK,
2139_Hakka_1,"2,139",討人嫌,Dislikable,Hakka_1,得人惱,tɛt31ȵin11lau13,det5 ngin2 lau1 ,OK,
2140_Hakka_1,"2,140",回來(由此出發再返回),Come back,Hakka_1,轉來,tsɔn31lɔi11,zon3 loi2 ,OK,
2141_Hakka_1,"2,141",回去(由彼地到此再回去),Go back,Hakka_1,轉去,tsɔn31hi53,zon3 hi4 ,OK,
2142_Hakka_1,"2,142",慢慢兒走,Watch your steps,Hakka_1,慢慢行,man53man53>55haŋ11,man4 man4 hang2 ,OK,
2143_Hakka_1,"2,143",讓我看看,Let me see,Hakka_1,分厓看下,pin13>35ŋai11kʰɔn53ha53,bin1 ngai2 kon4 ha4 ,OK,
2144_Hakka_1,"2,144",短短的繩子,A short rope,Hakka_1,短術術嘅索嫲,tɔn31sut53sut53kɛ53>55sɔt31ma11,don3 sut6 sut6 ge4 sot5 ma2 ,OK,
2145_Hakka_1,"2,145",彎彎的牛角,A bend horn of cattle,Hakka_1,彎彎嘅牛角,van13van13kɛ53>55ȵiu11kɔk31,van1 van1 ge4 ngiu2 gok5 ,OK,
2146_Hakka_1,"2,146",一樣長的繩子,Ropes with the same length,Hakka_1,一樣長嘅索嫲,jit31jɔŋ53>55tsʰɔŋ11kɛ53>55sɔt31ma11,yit5 yong4 cong2 ge4 sot5 ma2 ,OK,
2147_Hakka_1,"2,147",只需要一丁點兒,"(it is too much, I just) need a little",Hakka_1,凈愛一滴仔,tsʰiaŋ53ɔi53>55jit31tit53tsai31,ciang4 oi4 yit5 dit6 zai3 ,OK,
2148_Hakka_1,"2,148",(別急)等一會兒他就來,"(don’t worry),he is coming",Hakka_1,等間佢就來,tɛn31kan13>35ki11tsʰiu53>55lɔi11,den3 gan1 gi2 ciu4 loi2 ,OK,
2149_Hakka_1,"2,149",給他一本書,Give him a book,Hakka_1,分本書佢,pin13>35pun31su13ki13,bin1 bun3 su1 gi1 ,OK,
2150_Hakka_1,"2,150",多給一點兒行不行？,"Give me a little more , ok?",Hakka_1,分多滴厓得唔得,pin13tɔ13tit53ŋai11tɛt31m̩13>35tɛt31,bin1 do1 dit6 ngai2 det5 m1 det5 ,OK,
2151_Hakka_1,"2,151",(字太草了，)重寫！,write again!,Hakka_1,寫過,sia31kɔ53,sia3 go4 ,OK,
2152_Hakka_1,"2,152",（茶太淡了，)重泡一壼,Make another pot of tea,Hakka_1,焗過一壺,kuk53kɔ53>55jit31fu11,guk6 go4 yit5 fu2 ,OK,
2153_Hakka_1,"2,153",(他要趕車)讓他先吃,let him eat first,Hakka_1,分佢食先,pin13>35ki11sit53siɛn13,bin1 gi2 sit6 sien1 ,OK,
2154_Hakka_1,"2,154",你先走(，我馬上來)！,"You leave first, (I am coming)",Hakka_1,你先行走,ȵi11siɛn13>35haŋ11tsɛu31,ngi2 sien1 hang2 zeu3 ,OK,
2155_Hakka_1,"2,155",(別客氣，)再吃一碗。,"(help yourself, ) Eat one more bowl",Hakka_1,食多碗添,sit53tɔ13>35vɔn31tʰiam13,sit6 do1 von3 tiam1 ,OK,
2156_Hakka_1,"2,156",(別忙，)再坐一會兒。,"(No hurry,) stay longer!",Hakka_1,坐多陣正,tsʰɔ13tɔn13tsʰin53tsaŋ53,co1 don1 cin4 zang4 ,有問題,do1
2156_Hakka_2,"2,156",(別忙，)再坐一會兒。,"(No hurry,) stay longer!",Hakka_2,坐多陣添,tsʰɔ13tɔ13tsʰin53>55tʰiam13,co1 do1 cin4 tiam1 ,OK,
2157_Hakka_1,"2,157",拿得動拿不動？,Can you carry it or not?,Hakka_1,拿得起還係拿唔起,la13>35tɛt31hi31han11li13la13m̩13>35hi31,la1 det5 hi3 han2 li1 la1 m1 hi3 ,唔肯定,han11 he53?
2158_Hakka_1,"2,158",拿得動。,Can carry it,Hakka_1,拿得動,la13>35tɛt31tʰuŋ13,la1 det5 tung1 ,OK,
2159_Hakka_1,"2,159",(這麼大的雨，他)能來不能來？,(the rain is so heavy) can he come or not?,Hakka_1,佢來唔來倒,ki11lɔi11m̩13>35lɔi11tau31,gi2 loi2 m1 loi2 dau3 ,OK,
2160_Hakka_1,"2,160",(你)去沒去他家？,Have you been this home?,Hakka_1,有冇去佢屋家,jiu13>35mau11hi53kia13>35vuk31kʰa13,yiu1 mau2 hi4 gia1 vuk5 ka1 ,OK,
2161_Hakka_1,"2,161",(我)去了。,(I) have been there,Hakka_1,去嗨,hi53hɔi13,hi4 hoi1 ,OK,
2162_Hakka_1,"2,162",(他病了，)不能喝酒。,"(he is sick ,and) not allowed to drink",Hakka_1,唔食得酒,m̩13sit53tɛt31tsiu31,m1 sit6 det5 ziu3 ,OK,
2163_Hakka_1,"2,163",(他腰不好，)不能久坐。,(Because of pain he) cannot sit long,Hakka_1,坐唔得久,tsʰɔ13m̩13>35tɛt31kiu31,co1 m1 det5 giu3 ,OK,
2164_Hakka_1,"2,164",外面在下雨。,It is raining outside,Hakka_1,門背落等水,mun11pɔi53lɔk53tɛn31sui31,mun2 boi4 lok6 den3 sui3 ,OK,
2165_Hakka_1,"2,165",坐著吃。,Sit while eating,Hakka_1,坐等來食,tsʰɔ13>35tɛn31lɔi11sit53,co1 den3 loi2 sit6 ,OK,
2166_Hakka_1,"2,166",門開著。,The door is open,Hakka_1,門開嗨,mun11hɔi13hɔi13,mun2 hoi1 hoi1 ,OK,
2167_Hakka_1,"2,167",站著別動！,Stand there and do not move,Hakka_1,徛等唔好動,ki13>35tɛn31m̩13>35hau31tʰuŋ13,gi1 den3 m1 hau3 tung1 ,OK,
2168_Hakka_1,"2,168",別打岔，讓他說下去！,"Do not disrupt, let him say on",Hakka_1,唔好插嘴，分佢講落去,m̩13>35hau31tsʰap31tsui31pin13>35ki11kɔŋ31lɔk53hi53,m1 hau3 cap5 zui3 bin1 gi2 gong3 lok6 hi4 ,OK,
2169_Hakka_1,"2,169",(別等了)先把火燒起來！,"(do not wait), let’s make the fire first!",Hakka_1,將火燒起來正,tsiɔŋ13>35fɔ31sau13>35hi31lɔi11tsaŋ53,ziong1 fo3 sau1 hi3 loi2 zang4 ,OK,
2170_Hakka_1,"2,170",我去過廣州，也去過上海。,"I’ve been Guangzhou, and also Shanghai",Hakka_1,厓去過廣州，又去過上海,"ŋai11hi53kɔ53>55kɔŋ31tsiu13,jiu53hi53kɔ53sɔŋ53>55hɔi31","ngai2 hi4 go4 gong3 ziu1 ,yiu4 hi4 go4 song4 hoi3 ",OK,
2171_Hakka_1,"2,171",(這件事)我告訴過他。,I have told him (this),Hakka_1,厓講過分佢知,ŋai11kɔŋ31kɔ53pin13>35ki11ti13,ngai2 gong3 go4 bin1 gi2 di1 ,OK,
2172_Hakka_1,"2,172",花開了兩朵了。,The flower blossomed two,Hakka_1,花開嗨兩朵咯,fa13hɔi13hɔi13>35liɔŋ31tɔ31lɔ31,fa1 hoi1 hoi1 liong3 do3 lo3 ,OK,
2173_Hakka_1,"2,173",(別忙，)吃了飯再說。,"(No hurry),discuss this after meal",Hakka_1,食嗨飯正來講,sit53hɔi13fan53tsaŋ53>55lɔi11kɔŋ31,sit6 hoi1 fan4 zang4 loi2 gong3 ,OK,
2174_Hakka_1,"2,174",把門關上！,Shut the door,Hakka_1,閂嗨門佢,san13hɔi13>35mun11ki11,san1 hoi1 mun2 gi2 ,OK,
2175_Hakka_1,"2,175",把蓋子擰緊！,Screw the lid tightly!,Hakka_1,扭恒該蓋佢,ȵiu31hɛn11ai53kɔi53>55ki11,ngiu3 hen2 ai4 goi4 gi2 ,OK,
2176_Hakka_1,"2,176",把飯吃了！,Eat up the food!,Hakka_1,將該飯食秋佢,tsiɔŋ13ai53fan53sit53tsʰiu13>35ki11,ziong1 ai4 fan4 sit6 ciu1 gi2 ,OK,
2177_Hakka_1,"2,177",(你)別把我的碗打破了。,Do not break my bowl!,Hakka_1,唔好打爛吾嘅碗,m̩13>35hau31ta31lan53>55ŋa11kɛ53>55vɔn31,m1 hau3 da3 lan4 nga2 ge4 von3 ,OK,
2178_Hakka_1,"2,178",(咱們)去看電影吧！,(let’s) go to watch movie,Hakka_1,來去看電影咯,lɔi11hi53kʰɔn53tʰiɛn53>55jaŋ31lɔ31,loi2 hi4 kon4 tien4 yang3 lo3 ,OK,
2179_Hakka_1,"2,179",(他們)去看電影了。,(they) went to watch movie,Hakka_1,去看電影去嗨,hi53kʰɔn53tʰiɛn53>55jaŋ31hi53hɔi13,hi4 kon4 tien4 yang3 hi4 hoi1 ,OK,
2180_Hakka_1,"2,180",(論年紀，)我比他大。,"(as for age), I am older than him",Hakka_1,厓大過佢,ŋai13tʰai53kɔ53>55ki11,ngai1 tai4 go4 gi2 ,OK,
2181_Hakka_1,"2,181",我比他大一歲。,I am one year older than him,Hakka_1,厓大佢一歲,ŋai11tʰai53>55ki11jit31sɔi53,ngai2 tai4 gi2 yit5 soi4 ,OK,
2182_Hakka_1,"2,182",我不比他大。,I am not older than him,Hakka_1,厓大唔過佢,ŋai11tʰai53m̩13kɔ53>55ki11,ngai2 tai4 m1 go4 gi2 ,OK,
2183_Hakka_1,"2,183",兩個一樣高。,The two are of the same height,Hakka_1,兩隻一樣高,liɔŋ31tsak31jit31jɔŋ53kau13,liong3 zak5 yit5 yong4 gau1 ,OK,
2184_Hakka_1,"2,184",說著說著就哭起來了。,He is crying with speaking,Hakka_1,講講下就叫起來,kɔŋ31ha53>55kɔŋ31ha53tsʰiu53kiau53>55hi31lɔi11,gong3 ha4 gong3 ha4 ciu4 giau4 hi3 loi2 ,OK,
2185_Hakka_1,"2,185",(不讓他去，)他非要去不可。,He insists to go,Hakka_1,"唔分佢去，佢係愛去,","m̩13pin13>35ki11hi53,ki13hɛ53ɔi53hi53.","m1 bin1 gi2 hi4 ,gi1 he4 oi4 hi4 .",OK,